id,src_mxl,midi,mxl,chunks,cache,n_notes,n_measures,n_in_tokens,n_out_tokens
k72d4617f9d9f,/root/kern_corpus/chopin-mazurkas/kern/mazurka-50.krn,data/pairs_kern/k72d4617f9d9f.mid,data/pairs_kern/k72d4617f9d9f.musicxml,data/pairs_kern/k72d4617f9d9f_chunks.json,data/cache_kern/0e11e024c1959501fb57e88663035a9d0656a60731111418d6adeecc8ace4a03.pkl,1361,113,1361,1361
k1223886e40d6,/root/kern_corpus/chopin-mazurkas/kern/mazurka-51.krn,data/pairs_kern/k1223886e40d6.mid,data/pairs_kern/k1223886e40d6.musicxml,data/pairs_kern/k1223886e40d6_chunks.json,data/cache_kern/0f911e3b87be2dbf36f3ed075f15528e2d5e6e9bc32e204547ed398db51ab7e8.pkl,1449,132,1449,1449
k4c1731c6f961,/root/kern_corpus/chopin-mazurkas/kern/mazurka-52.krn,data/pairs_kern/k4c1731c6f961.mid,data/pairs_kern/k4c1731c6f961.musicxml,data/pairs_kern/k4c1731c6f961_chunks.json,data/cache_kern/5771a5ad318f4ce7798fa32160c5711e06cc418ab2d04a1074d1c1792969fc98.pkl,1614,112,1614,1614
kb1231045ef64,/root/kern_corpus/chopin-mazurkas/kern/mazurka06-1.krn,data/pairs_kern/kb1231045ef64.mid,data/pairs_kern/kb1231045ef64.musicxml,data/pairs_kern/kb1231045ef64_chunks.json,data/cache_kern/95a25fb2fabc979b108d05edb3fec58a15aee6a1132067b67d1a1cc6a17c5f5b.pkl,888,75,888,888
kc1948cba57be,/root/kern_corpus/chopin-mazurkas/kern/mazurka06-2.krn,data/pairs_kern/kc1948cba57be.mid,data/pairs_kern/kc1948cba57be.musicxml,data/pairs_kern/kc1948cba57be_chunks.json,data/cache_kern/aad97a7fb895ab3942854b8c0088e4f4da1998a0d5f6b040209adc850a1a503b.pkl,802,75,802,802
k1455b662254c,/root/kern_corpus/chopin-mazurkas/kern/mazurka06-3.krn,data/pairs_kern/k1455b662254c.mid,data/pairs_kern/k1455b662254c.musicxml,data/pairs_kern/k1455b662254c_chunks.json,data/cache_kern/edd7f075fb65c6c04ce4700800d6f2d592627996720025453a81234920790bc1.pkl,1207,90,1207,1207
k105f2e378110,/root/kern_corpus/chopin-mazurkas/kern/mazurka06-4.krn,data/pairs_kern/k105f2e378110.mid,data/pairs_kern/k105f2e378110.musicxml,data/pairs_kern/k105f2e378110_chunks.json,data/cache_kern/cf5e4bc160b5d5ddf685110f9667ba738f0bd71ba70ad5faace5b03594d71cef.pkl,225,25,225,225
k358a336a1328,/root/kern_corpus/chopin-mazurkas/kern/mazurka07-1.krn,data/pairs_kern/k358a336a1328.mid,data/pairs_kern/k358a336a1328.musicxml,data/pairs_kern/k358a336a1328_chunks.json,data/cache_kern/edc5f572a3d102de358b3dfa20f406b483f55c7371f0fa7e43ce64a6dd575859.pkl,706,67,706,706
k8d68efa10ca0,/root/kern_corpus/chopin-mazurkas/kern/mazurka07-2.krn,data/pairs_kern/k8d68efa10ca0.mid,data/pairs_kern/k8d68efa10ca0.musicxml,data/pairs_kern/k8d68efa10ca0_chunks.json,data/cache_kern/c15735cefb98df7223d924b26186f68fbe3183867786572e8991ad3e4be0aa5a.pkl,596,60,596,596
k7031a883c94a,/root/kern_corpus/chopin-mazurkas/kern/mazurka07-3.krn,data/pairs_kern/k7031a883c94a.mid,data/pairs_kern/k7031a883c94a.musicxml,data/pairs_kern/k7031a883c94a_chunks.json,data/cache_kern/4d2bdc734273730a4030c8c031e3d48abe540a7da0a3070ad3b33e375d2ace67.pkl,1203,105,1203,1203
k430a8f2b5856,/root/kern_corpus/chopin-mazurkas/kern/mazurka07-4.krn,data/pairs_kern/k430a8f2b5856.mid,data/pairs_kern/k430a8f2b5856.musicxml,data/pairs_kern/k430a8f2b5856_chunks.json,data/cache_kern/7db27a389a96ac77d1025c46593fd83457f6c76b122b6635d18ce3884fe1cafd.pkl,647,45,647,647
kfcdfe50161fd,/root/kern_corpus/chopin-mazurkas/kern/mazurka07-5.krn,data/pairs_kern/kfcdfe50161fd.mid,data/pairs_kern/kfcdfe50161fd.musicxml,data/pairs_kern/kfcdfe50161fd_chunks.json,data/cache_kern/6c20d06141fe0973a80785eabdb922191c09d1e211bc9d2b7b6e41263f710d4a.pkl,252,20,252,252
k5c92d4a2e022,/root/kern_corpus/chopin-mazurkas/kern/mazurka17-1.krn,data/pairs_kern/k5c92d4a2e022.mid,data/pairs_kern/k5c92d4a2e022.musicxml,data/pairs_kern/k5c92d4a2e022_chunks.json,data/cache_kern/8390f5c64ba0838b79501a2d31f963bd3d48fe255e46761f9492c449a0fed35f.pkl,807,61,807,807
k0220d7a8cfae,/root/kern_corpus/chopin-mazurkas/kern/mazurka17-2.krn,data/pairs_kern/k0220d7a8cfae.mid,data/pairs_kern/k0220d7a8cfae.musicxml,data/pairs_kern/k0220d7a8cfae_chunks.json,data/cache_kern/2548bccc2f4c171767211f021f17df6a4aa0241a8da589ee215c8160f5952ace.pkl,783,69,783,783
k1f8e61bdae87,/root/kern_corpus/chopin-mazurkas/kern/mazurka17-3.krn,data/pairs_kern/k1f8e61bdae87.mid,data/pairs_kern/k1f8e61bdae87.musicxml,data/pairs_kern/k1f8e61bdae87_chunks.json,data/cache_kern/732476b302b42b72dd73a7d988b19ce04d15408848705aafe106059bc96b0d31.pkl,927,86,927,927
k426ef17bc9a2,/root/kern_corpus/chopin-mazurkas/kern/mazurka17-4.krn,data/pairs_kern/k426ef17bc9a2.mid,data/pairs_kern/k426ef17bc9a2.musicxml,data/pairs_kern/k426ef17bc9a2_chunks.json,data/cache_kern/2068f203fc994cfc1be397381a2718f999b6d720d4d4f5721bd0df1f7dab4e56.pkl,1616,132,1616,1616
kbd9f5703cea7,/root/kern_corpus/chopin-mazurkas/kern/mazurka24-1.krn,data/pairs_kern/kbd9f5703cea7.mid,data/pairs_kern/kbd9f5703cea7.musicxml,data/pairs_kern/kbd9f5703cea7_chunks.json,data/cache_kern/e90a3e95b79990337474d620657daf6cb0e4cedaf30a6c98a0e659c4ed391798.pkl,770,67,770,770
k79d7b6ab92be,/root/kern_corpus/chopin-mazurkas/kern/mazurka24-2.krn,data/pairs_kern/k79d7b6ab92be.mid,data/pairs_kern/k79d7b6ab92be.musicxml,data/pairs_kern/k79d7b6ab92be_chunks.json,data/cache_kern/6b5d6bc033fb1bb473d7d8ffe52b95e3f62f00ecfe19bcd54589fe256121b0e7.pkl,1424,120,1424,1424
kc5551ddb12a1,/root/kern_corpus/chopin-mazurkas/kern/mazurka24-3.krn,data/pairs_kern/kc5551ddb12a1.mid,data/pairs_kern/kc5551ddb12a1.musicxml,data/pairs_kern/kc5551ddb12a1_chunks.json,data/cache_kern/be17ac86420e8a070fd4e33fe30cd0709db6753ac62d8ff45f9a97c0d8fbf8b4.pkl,428,46,428,428
k8a93ece63feb,/root/kern_corpus/chopin-mazurkas/kern/mazurka24-4.krn,data/pairs_kern/k8a93ece63feb.mid,data/pairs_kern/k8a93ece63feb.musicxml,data/pairs_kern/k8a93ece63feb_chunks.json,data/cache_kern/d9cbc449a3e70380c2628ee9612352ee9ec621eba3db122fb5f93773d8ffb4f1.pkl,1625,149,1625,1625
k639dc39d235f,/root/kern_corpus/chopin-mazurkas/kern/mazurka30-1.krn,data/pairs_kern/k639dc39d235f.mid,data/pairs_kern/k639dc39d235f.musicxml,data/pairs_kern/k639dc39d235f_chunks.json,data/cache_kern/a5fe8411da258898dc07b66f0426fa3b2d75b7aaccf8f7553542848ede373acb.pkl,576,54,576,576
k274ad25fda20,/root/kern_corpus/chopin-mazurkas/kern/mazurka30-2.krn,data/pairs_kern/k274ad25fda20.mid,data/pairs_kern/k274ad25fda20.musicxml,data/pairs_kern/k274ad25fda20_chunks.json,data/cache_kern/93e79a4413e498d964e2e192e0cae9de4957b94cd1b25f093559b95b8dce28be.pkl,810,65,810,810
kb28a580b1813,/root/kern_corpus/chopin-mazurkas/kern/mazurka30-3.krn,data/pairs_kern/kb28a580b1813.mid,data/pairs_kern/kb28a580b1813.musicxml,data/pairs_kern/kb28a580b1813_chunks.json,data/cache_kern/3008b61fb065aaf3066c6c866648803b9d1611fb9d9bf7e7ef1545c8eb0587e4.pkl,999,95,999,999
kc01a4867831a,/root/kern_corpus/chopin-mazurkas/kern/mazurka30-4.krn,data/pairs_kern/kc01a4867831a.mid,data/pairs_kern/kc01a4867831a.musicxml,data/pairs_kern/kc01a4867831a_chunks.json,data/cache_kern/12ce9c0ebe7616b709faf89431089f01a31510214343cdfa5879aab52820492e.pkl,1839,139,1839,1839
k527fd4f9d83a,/root/kern_corpus/chopin-mazurkas/kern/mazurka33-1.krn,data/pairs_kern/k527fd4f9d83a.mid,data/pairs_kern/k527fd4f9d83a.musicxml,data/pairs_kern/k527fd4f9d83a_chunks.json,data/cache_kern/fc3b9073bf80868fa951914c244b1cb1080feaa051d302610836ba40abef0d29.pkl,502,49,502,502
k17df149d91da,/root/kern_corpus/chopin-mazurkas/kern/mazurka33-2.krn,data/pairs_kern/k17df149d91da.mid,data/pairs_kern/k17df149d91da.musicxml,data/pairs_kern/k17df149d91da_chunks.json,data/cache_kern/d425423b593f51fca196c7ede66fa38a404395e5d94f63d4b08fd7c3dc92e3c9.pkl,1763,137,1763,1763
k8d5aa64bf53a,/root/kern_corpus/chopin-mazurkas/kern/mazurka33-3.krn,data/pairs_kern/k8d5aa64bf53a.mid,data/pairs_kern/k8d5aa64bf53a.musicxml,data/pairs_kern/k8d5aa64bf53a_chunks.json,data/cache_kern/641d876a5f3bc69724c6683c66a34da9ef5f84607f38db71944ae0b6ed8e3dcc.pkl,500,49,500,500
k5b0d8da501ee,/root/kern_corpus/chopin-mazurkas/kern/mazurka33-4.krn,data/pairs_kern/k5b0d8da501ee.mid,data/pairs_kern/k5b0d8da501ee.musicxml,data/pairs_kern/k5b0d8da501ee_chunks.json,data/cache_kern/f4c6b90d5c2a51fdd569bd8baf791bce761830a9940e964009c0727393554a29.pkl,2024,225,2024,2024
k930473975e6b,/root/kern_corpus/chopin-mazurkas/kern/mazurka41-1.krn,data/pairs_kern/k930473975e6b.mid,data/pairs_kern/k930473975e6b.musicxml,data/pairs_kern/k930473975e6b_chunks.json,data/cache_kern/a1dae1033a0e8de3f6a8c2c2f252227d2cdb8c48a01ccbccd8497e49e4d04321.pkl,1651,139,1651,1651
k93c9de308499,/root/kern_corpus/chopin-mazurkas/kern/mazurka41-2.krn,data/pairs_kern/k93c9de308499.mid,data/pairs_kern/k93c9de308499.musicxml,data/pairs_kern/k93c9de308499_chunks.json,data/cache_kern/4ab698cce988e3aca3ae869893200f81903a227f9f92f25f8ab0058ab71e89ad.pkl,696,67,696,696
k2974b2755396,/root/kern_corpus/chopin-mazurkas/kern/mazurka41-3.krn,data/pairs_kern/k2974b2755396.mid,data/pairs_kern/k2974b2755396.musicxml,data/pairs_kern/k2974b2755396_chunks.json,data/cache_kern/d956ad2a437cf496bfdf69395f7f18ec5cc8c14447ccd237e95e18dcf587bc27.pkl,953,78,953,953
kcfc1e493e49b,/root/kern_corpus/chopin-mazurkas/kern/mazurka41-4.krn,data/pairs_kern/kcfc1e493e49b.mid,data/pairs_kern/kcfc1e493e49b.musicxml,data/pairs_kern/kcfc1e493e49b_chunks.json,data/cache_kern/b1c4f1816005903a197897ae64ddbd238358b6993536480a42f6eff879cf261c.pkl,775,75,775,775
k76be0fd1c606,/root/kern_corpus/chopin-mazurkas/kern/mazurka50-1.krn,data/pairs_kern/k76be0fd1c606.mid,data/pairs_kern/k76be0fd1c606.musicxml,data/pairs_kern/k76be0fd1c606_chunks.json,data/cache_kern/b66001062e0598c875700a0e1447c14d17dc3648bd59b36512f70ef8a3ecf673.pkl,1148,104,1148,1148
k45e14edb6d13,/root/kern_corpus/chopin-mazurkas/kern/mazurka50-2.krn,data/pairs_kern/k45e14edb6d13.mid,data/pairs_kern/k45e14edb6d13.musicxml,data/pairs_kern/k45e14edb6d13_chunks.json,data/cache_kern/0b0e4a1c2a0b6326e39cfce7d2c01eebfe860dffef0fb30820b398afeeb55e28.pkl,1130,103,1130,1130
kf48dd91d86ff,/root/kern_corpus/chopin-mazurkas/kern/mazurka50-3.krn,data/pairs_kern/kf48dd91d86ff.mid,data/pairs_kern/kf48dd91d86ff.musicxml,data/pairs_kern/kf48dd91d86ff_chunks.json,data/cache_kern/535b312cf04f1d532c23ccca6ab728dca84b2587fe0712444b8454db0e636e6e.pkl,1916,194,1916,1916
k1a640338dbfe,/root/kern_corpus/chopin-mazurkas/kern/mazurka56-1.krn,data/pairs_kern/k1a640338dbfe.mid,data/pairs_kern/k1a640338dbfe.musicxml,data/pairs_kern/k1a640338dbfe_chunks.json,data/cache_kern/2f1bed21f4583a03cee91d45c8874cd1118f2bcf9f711436e44b1221459388f1.pkl,2157,204,2157,2157
k5a65dc0a9e64,/root/kern_corpus/chopin-mazurkas/kern/mazurka56-2.krn,data/pairs_kern/k5a65dc0a9e64.mid,data/pairs_kern/k5a65dc0a9e64.musicxml,data/pairs_kern/k5a65dc0a9e64_chunks.json,data/cache_kern/57216298cdb436690d422572f326d7f98aab680339f9a6889def1078c8314092.pkl,864,84,864,864
k39ac61bc3018,/root/kern_corpus/chopin-mazurkas/kern/mazurka56-3.krn,data/pairs_kern/k39ac61bc3018.mid,data/pairs_kern/k39ac61bc3018.musicxml,data/pairs_kern/k39ac61bc3018_chunks.json,data/cache_kern/ae717fd6a47beca4ca4cdd83e1026d6e48ec61e3ecb46da53dd83750cbbef127.pkl,2078,221,2078,2078
k7b33495cbb6e,/root/kern_corpus/chopin-mazurkas/kern/mazurka59-1.krn,data/pairs_kern/k7b33495cbb6e.mid,data/pairs_kern/k7b33495cbb6e.musicxml,data/pairs_kern/k7b33495cbb6e_chunks.json,data/cache_kern/c175aa75985a6c4ba6e8cfdda871a269c471541b57088fae6d76b5b217dd240d.pkl,1209,151,1209,1209
ka82b93635c1c,/root/kern_corpus/chopin-mazurkas/kern/mazurka59-2.krn,data/pairs_kern/ka82b93635c1c.mid,data/pairs_kern/ka82b93635c1c.musicxml,data/pairs_kern/ka82b93635c1c_chunks.json,data/cache_kern/a7c0e4fd4b602b6fab607cb005555fb9d4d92c7b9f3922e8bc0ef290892c15d4.pkl,1228,111,1228,1228
k5f4e8868032e,/root/kern_corpus/chopin-mazurkas/kern/mazurka59-3.krn,data/pairs_kern/k5f4e8868032e.mid,data/pairs_kern/k5f4e8868032e.musicxml,data/pairs_kern/k5f4e8868032e_chunks.json,data/cache_kern/fe46fdbe545dff475e748f6a8dc5b9f5ca65fe946f53d7b50cc68f3fc2a1dd69.pkl,1838,155,1838,1838
kd45c9dec985c,/root/kern_corpus/chopin-mazurkas/kern/mazurka63-1.krn,data/pairs_kern/kd45c9dec985c.mid,data/pairs_kern/kd45c9dec985c.musicxml,data/pairs_kern/kd45c9dec985c_chunks.json,data/cache_kern/aab424aef6424202036a35530205de39e7611201abb061ccf186b91cbb86aa49.pkl,1066,102,1066,1066
kd2a7a411518a,/root/kern_corpus/chopin-mazurkas/kern/mazurka63-2.krn,data/pairs_kern/kd2a7a411518a.mid,data/pairs_kern/kd2a7a411518a.musicxml,data/pairs_kern/kd2a7a411518a_chunks.json,data/cache_kern/89e12a57cedea3ad2f279dba625f323ab5e49711c6c09f0207ca9aadd1db77de.pkl,570,56,570,570
kba68344794d3,/root/kern_corpus/chopin-mazurkas/kern/mazurka63-3.krn,data/pairs_kern/kba68344794d3.mid,data/pairs_kern/kba68344794d3.musicxml,data/pairs_kern/kba68344794d3_chunks.json,data/cache_kern/a94f25291457896a55848cd301800459526da704301fb158c2940d0fb9d4094d.pkl,783,77,783,783
k2019afae7471,/root/kern_corpus/chopin-mazurkas/kern/mazurka67-1.krn,data/pairs_kern/k2019afae7471.mid,data/pairs_kern/k2019afae7471.musicxml,data/pairs_kern/k2019afae7471_chunks.json,data/cache_kern/3b3767e00f2ec57ca310f2767c28fec622f615bf84910cca0adb98417e335bad.pkl,806,60,806,806
ke536fde36591,/root/kern_corpus/chopin-mazurkas/kern/mazurka67-2.krn,data/pairs_kern/ke536fde36591.mid,data/pairs_kern/ke536fde36591.musicxml,data/pairs_kern/ke536fde36591_chunks.json,data/cache_kern/4caeafe31d0ca227a081573dbddb041a01e73dd02752502c90601166d958597e.pkl,566,57,566,566
k7cb66ac31c1a,/root/kern_corpus/chopin-mazurkas/kern/mazurka67-3.krn,data/pairs_kern/k7cb66ac31c1a.mid,data/pairs_kern/k7cb66ac31c1a.musicxml,data/pairs_kern/k7cb66ac31c1a_chunks.json,data/cache_kern/3e0dbccd785a085d86b65a5e77ad781fd6a49afb95da55dde7c298db4ddbce4e.pkl,677,57,677,677
kf94f6fac682d,/root/kern_corpus/chopin-mazurkas/kern/mazurka67-4.krn,data/pairs_kern/kf94f6fac682d.mid,data/pairs_kern/kf94f6fac682d.musicxml,data/pairs_kern/kf94f6fac682d_chunks.json,data/cache_kern/e2d91a14c355686f4137af8c40189d8c414868b62cdf84f8b7a064d775e1b276.pkl,814,83,814,814
k00927959ae52,/root/kern_corpus/chopin-mazurkas/kern/mazurka68-1.krn,data/pairs_kern/k00927959ae52.mid,data/pairs_kern/k00927959ae52.musicxml,data/pairs_kern/k00927959ae52_chunks.json,data/cache_kern/93ffcbf0c41d417369b4787b86a8020f486aab1ddc56f40cbf041e956c018783.pkl,1113,73,1113,1113
k11996043c507,/root/kern_corpus/chopin-mazurkas/kern/mazurka68-2.krn,data/pairs_kern/k11996043c507.mid,data/pairs_kern/k11996043c507.musicxml,data/pairs_kern/k11996043c507_chunks.json,data/cache_kern/37b3e74db55be71a5939cd293388f08568d69e02db766f6cb3912b6b75e13218.pkl,694,66,694,694
k6f12d91d8989,/root/kern_corpus/chopin-mazurkas/kern/mazurka68-3.krn,data/pairs_kern/k6f12d91d8989.mid,data/pairs_kern/k6f12d91d8989.musicxml,data/pairs_kern/k6f12d91d8989_chunks.json,data/cache_kern/a66636af3121e153e75e25b22595f387c9fdf3e28f58dfe0a2902da6fe2056b9.pkl,776,60,776,776
kacdcfa617bfa,/root/kern_corpus/chopin-mazurkas/kern/mazurka68-4.krn,data/pairs_kern/kacdcfa617bfa.mid,data/pairs_kern/kacdcfa617bfa.musicxml,data/pairs_kern/kacdcfa617bfa_chunks.json,data/cache_kern/1aa53403b0c43d96a4b37a1911716e81e7413a52eb360c60082f173f5b2f9538.pkl,422,40,422,422
kdf42e07e6f42,/root/kern_corpus/Mysterium/ccarh_kern/scriabin-op02_no01.krn,data/pairs_kern/kdf42e07e6f42.mid,data/pairs_kern/kdf42e07e6f42.musicxml,data/pairs_kern/kdf42e07e6f42_chunks.json,data/cache_kern/55b8609045712360bebb1d5891361c696a946903cb0ea1cc73b5f67e0f8f6eb9.pkl,1109,45,1109,1109
kd8286e341041,/root/kern_corpus/Mysterium/ccarh_kern/scriabin-op08_no01.krn,data/pairs_kern/kd8286e341041.mid,data/pairs_kern/kd8286e341041.musicxml,data/pairs_kern/kd8286e341041_chunks.json,data/cache_kern/871661a08f075f49aa61ae4a24395c60bb5963f6b0bf35eaf7417034b759e993.pkl,1480,53,1480,1480
ke9535ed53db2,/root/kern_corpus/Mysterium/ccarh_kern/scriabin-op08_no02.krn,data/pairs_kern/ke9535ed53db2.mid,data/pairs_kern/ke9535ed53db2.musicxml,data/pairs_kern/ke9535ed53db2_chunks.json,data/cache_kern/cf0a2224377537f0904b301a7cbccef3ebb952ef1e5f352c1b69cec6376f02d6.pkl,769,26,769,769
k3bd6c88ef2a5,/root/kern_corpus/Mysterium/ccarh_kern/scriabin-op08_no03.krn,data/pairs_kern/k3bd6c88ef2a5.mid,data/pairs_kern/k3bd6c88ef2a5.musicxml,data/pairs_kern/k3bd6c88ef2a5_chunks.json,data/cache_kern/58d0a4624cb45e64634c641c104eb740187f7dd2460e3386e14a872192ccc6dd.pkl,2059,122,2059,2059
k44c928ffd852,/root/kern_corpus/Mysterium/ccarh_kern/scriabin-op08_no04.krn,data/pairs_kern/k44c928ffd852.mid,data/pairs_kern/k44c928ffd852.musicxml,data/pairs_kern/k44c928ffd852_chunks.json,data/cache_kern/93e630993be569bdb046949fbf3b387c3fca437093ac125cdbc8e2c603a30b62.pkl,758,25,758,758
ka10e827cbd21,/root/kern_corpus/Mysterium/ccarh_kern/scriabin-op08_no05.krn,data/pairs_kern/ka10e827cbd21.mid,data/pairs_kern/ka10e827cbd21.musicxml,data/pairs_kern/ka10e827cbd21_chunks.json,data/cache_kern/15723e58bb7ddc5fdabbf80d271a41abba32e20af2620fb5c756353d458bf00d.pkl,1522,58,1522,1522
k8a9c7c07f0de,/root/kern_corpus/Mysterium/ccarh_kern/scriabin-op08_no06.krn,data/pairs_kern/k8a9c7c07f0de.mid,data/pairs_kern/k8a9c7c07f0de.musicxml,data/pairs_kern/k8a9c7c07f0de_chunks.json,data/cache_kern/616d8cc84dd86a5b9399e0d763ace2655b13d3f6dc3fcccd958e32386efd5df6.pkl,1403,65,1403,1403
k664e2590c24c,/root/kern_corpus/Mysterium/ccarh_kern/scriabin-op11_no15.krn,data/pairs_kern/k664e2590c24c.mid,data/pairs_kern/k664e2590c24c.musicxml,data/pairs_kern/k664e2590c24c_chunks.json,data/cache_kern/23e567895e349f3d2d8b449b8bb571ef76a378e94a2267df80a2bb5632d3a823.pkl,354,27,354,354
k4e744070ec2a,/root/kern_corpus/Mysterium/ccarh_kern/scriabin-op65_no02.krn,data/pairs_kern/k4e744070ec2a.mid,data/pairs_kern/k4e744070ec2a.musicxml,data/pairs_kern/k4e744070ec2a_chunks.json,data/cache_kern/c7de260ce3ad80283fb0bd7c5b1d542601d4413bae8843767e17e0a0d0bfa678.pkl,531,39,531,531
k7edec0d4b9ad,/root/kern_corpus/Mysterium/ccarh_kern/scriabin-op65_no03.krn,data/pairs_kern/k7edec0d4b9ad.mid,data/pairs_kern/k7edec0d4b9ad.musicxml,data/pairs_kern/k7edec0d4b9ad_chunks.json,data/cache_kern/3723b409f0947149ef0ee2278e26bb7af4406b851c6e7945347e806e326e49e1.pkl,1933,101,1933,1933
k0624b9ae03ee,/root/kern_corpus/Mysterium/op01/scriabin-op01.krn,data/pairs_kern/k0624b9ae03ee.mid,data/pairs_kern/k0624b9ae03ee.musicxml,data/pairs_kern/k0624b9ae03ee_chunks.json,data/cache_kern/52deb6a1c2ddae64990a4b1f6e67fbbd331b67f10f805b33a2766ff215abbf90.pkl,1408,134,1408,1408
k290b03244ac6,/root/kern_corpus/Mysterium/op02/scriabin-op02_no02.krn,data/pairs_kern/k290b03244ac6.mid,data/pairs_kern/k290b03244ac6.musicxml,data/pairs_kern/k290b03244ac6_chunks.json,data/cache_kern/fd9e0c06cc178aaee312528d4bb876e132ca199a2cfdacf261b44b85c7949a91.pkl,165,17,165,165
k89db46b52ee7,/root/kern_corpus/Mysterium/op02/scriabin-op02_no03.krn,data/pairs_kern/k89db46b52ee7.mid,data/pairs_kern/k89db46b52ee7.musicxml,data/pairs_kern/k89db46b52ee7_chunks.json,data/cache_kern/2faf389b177e33e988188cf64e53d91732560d6088db924c842eb61b0a22b717.pkl,649,68,649,649
k0fc5fb22e8d6,/root/kern_corpus/Mysterium/op03/scriabin-op03_no01.krn,data/pairs_kern/k0fc5fb22e8d6.mid,data/pairs_kern/k0fc5fb22e8d6.musicxml,data/pairs_kern/k0fc5fb22e8d6_chunks.json,data/cache_kern/cdf10a13c1501b19c1477621624cc6a21e470876d6471531647a7e06eb20e849.pkl,1584,257,1584,1584
k2f015d1f2aed,/root/kern_corpus/Mysterium/op03/scriabin-op03_no02.krn,data/pairs_kern/k2f015d1f2aed.mid,data/pairs_kern/k2f015d1f2aed.musicxml,data/pairs_kern/k2f015d1f2aed_chunks.json,data/cache_kern/12d042bf0b802fbd349a6d360d7684459533baec50975d724fa64ae70e75cca8.pkl,747,81,747,747
ka206f2a87da4,/root/kern_corpus/Mysterium/op03/scriabin-op03_no03.krn,data/pairs_kern/ka206f2a87da4.mid,data/pairs_kern/ka206f2a87da4.musicxml,data/pairs_kern/ka206f2a87da4_chunks.json,data/cache_kern/b5d982b2fbdccb914619121ad6952fa8f8e22a82d717926e6a5c0a39cac61aff.pkl,821,74,821,821
k0ee683464c7c,/root/kern_corpus/Mysterium/op03/scriabin-op03_no04.krn,data/pairs_kern/k0ee683464c7c.mid,data/pairs_kern/k0ee683464c7c.musicxml,data/pairs_kern/k0ee683464c7c_chunks.json,data/cache_kern/a62fa340303ce7df97f8958cd4bb592ed3208935ac0ae56a6100566cbbce1e32.pkl,2135,187,2135,2135
kef2c0cc9bb98,/root/kern_corpus/Mysterium/op03/scriabin-op03_no05.krn,data/pairs_kern/kef2c0cc9bb98.mid,data/pairs_kern/kef2c0cc9bb98.musicxml,data/pairs_kern/kef2c0cc9bb98_chunks.json,data/cache_kern/a7a0878c86b84997c04ab83119f2062ff0b4a0dc7b9efdacfdaab14b41ad60c5.pkl,1320,145,1320,1320
kb47ab6a0eb9b,/root/kern_corpus/Mysterium/op03/scriabin-op03_no06.krn,data/pairs_kern/kb47ab6a0eb9b.mid,data/pairs_kern/kb47ab6a0eb9b.musicxml,data/pairs_kern/kb47ab6a0eb9b_chunks.json,data/cache_kern/aae38d5ee408877e8a5f09ea5c5cf423992291856f5765ff5bf4fb6e4fa0567e.pkl,1056,159,1056,1056
keea2dc1ed44c,/root/kern_corpus/Mysterium/op03/scriabin-op03_no07.krn,data/pairs_kern/keea2dc1ed44c.mid,data/pairs_kern/keea2dc1ed44c.musicxml,data/pairs_kern/keea2dc1ed44c_chunks.json,data/cache_kern/0e9e2baf8f7319bdb5e0ca64195c59064a359df878ca61bc4fc7405ae1997af2.pkl,1371,143,1371,1371
kb52df0275697,/root/kern_corpus/Mysterium/op03/scriabin-op03_no08.krn,data/pairs_kern/kb52df0275697.mid,data/pairs_kern/kb52df0275697.musicxml,data/pairs_kern/kb52df0275697_chunks.json,data/cache_kern/170395e2bfda171fe7e7eb92b77b91f5bc79885bd53a8b0563e76fbd1924333b.pkl,1214,118,1214,1214
k83bf2902ad30,/root/kern_corpus/Mysterium/op03/scriabin-op03_no09.krn,data/pairs_kern/k83bf2902ad30.mid,data/pairs_kern/k83bf2902ad30.musicxml,data/pairs_kern/k83bf2902ad30_chunks.json,data/cache_kern/a6fa0b43d2304e8e67fa0d7121ca2dbcdbad371a6e6a856c17c19c40b2e44b87.pkl,1148,108,1148,1148
kd6a1935b55bb,/root/kern_corpus/Mysterium/op03/scriabin-op03_no10.krn,data/pairs_kern/kd6a1935b55bb.mid,data/pairs_kern/kd6a1935b55bb.musicxml,data/pairs_kern/kd6a1935b55bb_chunks.json,data/cache_kern/e80f8b429d0666ad05a61e2b5a80c251e3fc616c44065173e4bd41f7290764e3.pkl,2183,222,2183,2183
k9780aa84bd02,/root/kern_corpus/Mysterium/op04/scriabin-op04.krn,data/pairs_kern/k9780aa84bd02.mid,data/pairs_kern/k9780aa84bd02.musicxml,data/pairs_kern/k9780aa84bd02_chunks.json,data/cache_kern/92a08a2d261fb2065efa2a51ae6da9b9c9ccebd4f7b674458be996e3eef694e0.pkl,4141,385,4141,4141
kc98185d33ea3,/root/kern_corpus/Mysterium/op05/scriabin-op05_no01.krn,data/pairs_kern/kc98185d33ea3.mid,data/pairs_kern/kc98185d33ea3.musicxml,data/pairs_kern/kc98185d33ea3_chunks.json,data/cache_kern/bddff6b215c80968205eec44616518d0a54161860998a10b221e87deca083f8c.pkl,1251,85,1251,1251
kd64feeebbf88,/root/kern_corpus/Mysterium/op05/scriabin-op05_no02.krn,data/pairs_kern/kd64feeebbf88.mid,data/pairs_kern/kd64feeebbf88.musicxml,data/pairs_kern/kd64feeebbf88_chunks.json,data/cache_kern/fd771a3d194bedc85405d59fe2ceb6aed38aee6848b2658c7fa674fbc47f241a.pkl,918,63,918,918
k56e17e6fee3a,/root/kern_corpus/Mysterium/op06/scriabin-op06_no02.krn,data/pairs_kern/k56e17e6fee3a.mid,data/pairs_kern/k56e17e6fee3a.musicxml,data/pairs_kern/k56e17e6fee3a_chunks.json,data/cache_kern/ad9be03803a94830bb10ee7c3f351f1bbd1692758a5a771d6da3298c49476461.pkl,1079,54,1079,1079
k5d73216da440,/root/kern_corpus/Mysterium/op06/scriabin-op06_no04.krn,data/pairs_kern/k5d73216da440.mid,data/pairs_kern/k5d73216da440.musicxml,data/pairs_kern/k5d73216da440_chunks.json,data/cache_kern/2ac1476295b82d8a557d9d9c6f6b32cae4ab5efb5e23b87ffdbfaa12ff7f6959.pkl,556,71,556,556
k8369ebfa9234,/root/kern_corpus/Mysterium/op07/scriabin-op07_no01.krn,data/pairs_kern/k8369ebfa9234.mid,data/pairs_kern/k8369ebfa9234.musicxml,data/pairs_kern/k8369ebfa9234_chunks.json,data/cache_kern/235f4727ea95d359f8d800d5c31f406639d975ddc7add36a9456e4cc282cae2d.pkl,1096,160,1096,1096
kaf329b388701,/root/kern_corpus/Mysterium/op07/scriabin-op07_no02.krn,data/pairs_kern/kaf329b388701.mid,data/pairs_kern/kaf329b388701.musicxml,data/pairs_kern/kaf329b388701_chunks.json,data/cache_kern/7feadcaf310279e1427cf8bfa3354bfe7c2c9d9efbd948fe89c8245455b2c76b.pkl,1520,154,1520,1520
k42819ba73c84,/root/kern_corpus/Mysterium/op08/scriabin-op08_no08.krn,data/pairs_kern/k42819ba73c84.mid,data/pairs_kern/k42819ba73c84.musicxml,data/pairs_kern/k42819ba73c84_chunks.json,data/cache_kern/114ef106ebc4d2ccc54dcf44738b2f5fd18f97b535da2741e428f5e7e9beeb62.pkl,1104,104,1104,1104
kb470cd93c640,/root/kern_corpus/Mysterium/op08/scriabin-op08_no09.krn,data/pairs_kern/kb470cd93c640.mid,data/pairs_kern/kb470cd93c640.musicxml,data/pairs_kern/kb470cd93c640_chunks.json,data/cache_kern/678a07225aa42825af3c4cd781190e727b404eed55cca6d6750f9e5c6985aaec.pkl,3665,103,3665,3665
kb54563ef4515,/root/kern_corpus/Mysterium/op08/scriabin-op08_no10.krn,data/pairs_kern/kb54563ef4515.mid,data/pairs_kern/kb54563ef4515.musicxml,data/pairs_kern/kb54563ef4515_chunks.json,data/cache_kern/11b6f54522dc103cdb7deb8445a5663ddaa58171cfff0456080ffbf074f5dc17.pkl,2081,122,2081,2081
ka94f6c168e39,/root/kern_corpus/Mysterium/op08/scriabin-op08_no12.krn,data/pairs_kern/ka94f6c168e39.mid,data/pairs_kern/ka94f6c168e39.musicxml,data/pairs_kern/ka94f6c168e39_chunks.json,data/cache_kern/d2801d7fc01884270a4b8439a5e0729e1a3d0d6a1e8d1a0739b24008c7f6aa92.pkl,2246,56,2246,2246
kaaeff58b6d26,/root/kern_corpus/Mysterium/op09/scriabin-op09_no01.krn,data/pairs_kern/kaaeff58b6d26.mid,data/pairs_kern/kaaeff58b6d26.musicxml,data/pairs_kern/kaaeff58b6d26_chunks.json,data/cache_kern/5c1e31f01416c330873bf802059cf89ad201e85db0b765c458a79fe922f282e6.pkl,554,34,554,554
k5961dc9c38bb,/root/kern_corpus/Mysterium/op09/scriabin-op09_no02.krn,data/pairs_kern/k5961dc9c38bb.mid,data/pairs_kern/k5961dc9c38bb.musicxml,data/pairs_kern/k5961dc9c38bb_chunks.json,data/cache_kern/26066d6e7cd4568de4c864e19818773304c11144648a0ecee38f9d3aab5e6e80.pkl,1205,58,1205,1205
k819440a7d7ee,/root/kern_corpus/Mysterium/op10/scriabin-op10_no01.krn,data/pairs_kern/k819440a7d7ee.mid,data/pairs_kern/k819440a7d7ee.musicxml,data/pairs_kern/k819440a7d7ee_chunks.json,data/cache_kern/f5fd09d1c759f33173e5342b7be82e6368cc945919a3a104995c20e64d7d236c.pkl,1449,103,1449,1449
keff2be8b22f7,/root/kern_corpus/Mysterium/op10/scriabin-op10_no02.krn,data/pairs_kern/keff2be8b22f7.mid,data/pairs_kern/keff2be8b22f7.musicxml,data/pairs_kern/keff2be8b22f7_chunks.json,data/cache_kern/9f0602f4877780e4ee90a8224b70221b02bceb6acdaf177f09727f70aafd0470.pkl,1395,124,1395,1395
k58d31e56d6c2,/root/kern_corpus/Mysterium/op11/scriabin-op11_no01.krn,data/pairs_kern/k58d31e56d6c2.mid,data/pairs_kern/k58d31e56d6c2.musicxml,data/pairs_kern/k58d31e56d6c2_chunks.json,data/cache_kern/d77c3d8cb82ed4e529d15bf8e617d11aef657d61cc8096afb468095c2cbea923.pkl,472,26,472,472
k760ee5818bf5,/root/kern_corpus/Mysterium/op11/scriabin-op11_no02.krn,data/pairs_kern/k760ee5818bf5.mid,data/pairs_kern/k760ee5818bf5.musicxml,data/pairs_kern/k760ee5818bf5_chunks.json,data/cache_kern/8dadfc3aea2bb65b3eac17eb33b788a563a88b073af1af95f13f337e49b0c68b.pkl,471,68,471,471
k87425dfbe216,/root/kern_corpus/Mysterium/op11/scriabin-op11_no03.krn,data/pairs_kern/k87425dfbe216.mid,data/pairs_kern/k87425dfbe216.musicxml,data/pairs_kern/k87425dfbe216_chunks.json,data/cache_kern/04facfaa58fee8531c4d7d77520ce7a412c8d6a51f4a24ed895a29229f5abfe7.pkl,571,45,571,571
kbc631f2a146c,/root/kern_corpus/Mysterium/op11/scriabin-op11_no05.krn,data/pairs_kern/kbc631f2a146c.mid,data/pairs_kern/kbc631f2a146c.musicxml,data/pairs_kern/kbc631f2a146c_chunks.json,data/cache_kern/1a5ec514a07f146afc11034745facef3fae74a34f74b6d843b5459716e1445e6.pkl,406,15,406,406
k5cacdfbd9adb,/root/kern_corpus/Mysterium/op11/scriabin-op11_no06.krn,data/pairs_kern/k5cacdfbd9adb.mid,data/pairs_kern/k5cacdfbd9adb.musicxml,data/pairs_kern/k5cacdfbd9adb_chunks.json,data/cache_kern/85ae8165ab2760591398b255be757d281fa625d66dfe64c93faf5c03ea60d8af.pkl,423,55,423,423
ka0e57ada3040,/root/kern_corpus/Mysterium/op11/scriabin-op11_no07.krn,data/pairs_kern/ka0e57ada3040.mid,data/pairs_kern/ka0e57ada3040.musicxml,data/pairs_kern/ka0e57ada3040_chunks.json,data/cache_kern/1d4a84ac316965767d7429b62439f276a78c61c7a9830f57f430a98355bc51a1.pkl,670,25,670,670
k54d2c6ed195f,/root/kern_corpus/Mysterium/op11/scriabin-op11_no08.krn,data/pairs_kern/k54d2c6ed195f.mid,data/pairs_kern/k54d2c6ed195f.musicxml,data/pairs_kern/k54d2c6ed195f_chunks.json,data/cache_kern/c3b6ee996b5bbc8847bd5fd95ce7b36c7d041bc13a267d2d75f3d3e1ba1eac38.pkl,592,56,592,592
k20bbe11e8db4,/root/kern_corpus/Mysterium/op11/scriabin-op11_no09.krn,data/pairs_kern/k20bbe11e8db4.mid,data/pairs_kern/k20bbe11e8db4.musicxml,data/pairs_kern/k20bbe11e8db4_chunks.json,data/cache_kern/58fdcb78db3e8caa5faa553e1c8ba48bbaa68feefe76ae64aa684853dca4d724.pkl,341,57,341,341
k7465db87f45f,/root/kern_corpus/Mysterium/op11/scriabin-op11_no10.krn,data/pairs_kern/k7465db87f45f.mid,data/pairs_kern/k7465db87f45f.musicxml,data/pairs_kern/k7465db87f45f_chunks.json,data/cache_kern/26aa64b3286d6ae4b685259d5dd796d83e4b4db0ffc3edf0f8ac24be85b0b154.pkl,325,20,325,325
kb724fd491b1c,/root/kern_corpus/Mysterium/op11/scriabin-op11_no11.krn,data/pairs_kern/kb724fd491b1c.mid,data/pairs_kern/kb724fd491b1c.musicxml,data/pairs_kern/kb724fd491b1c_chunks.json,data/cache_kern/8837b9d97163f91e075c0e9d81ce905f6c18000e86eb518559173152ee210f5c.pkl,712,39,712,712
k36f1d9874fae,/root/kern_corpus/Mysterium/op11/scriabin-op11_no12.krn,data/pairs_kern/k36f1d9874fae.mid,data/pairs_kern/k36f1d9874fae.musicxml,data/pairs_kern/k36f1d9874fae_chunks.json,data/cache_kern/b8b76045fe5d9f2c2cbfd42da093ed81fccd29edf5dc00b062394302867b2f83.pkl,380,23,380,380
k67b978ea47dd,/root/kern_corpus/Mysterium/op11/scriabin-op11_no13.krn,data/pairs_kern/k67b978ea47dd.mid,data/pairs_kern/k67b978ea47dd.musicxml,data/pairs_kern/k67b978ea47dd_chunks.json,data/cache_kern/ec425e2b532d1161b3f477f427986cecca039b907744a73b11b95f442de038ab.pkl,357,53,357,357
k976070b23207,/root/kern_corpus/Mysterium/op11/scriabin-op11_no14.krn,data/pairs_kern/k976070b23207.mid,data/pairs_kern/k976070b23207.musicxml,data/pairs_kern/k976070b23207_chunks.json,data/cache_kern/cf0d1e854c53f40fcf39ca3000a030be805d2b8ce0b1563ea2133396d5778643.pkl,844,25,844,844
k88308e87019a,/root/kern_corpus/Mysterium/op11/scriabin-op11_no16.krn,data/pairs_kern/k88308e87019a.mid,data/pairs_kern/k88308e87019a.musicxml,data/pairs_kern/k88308e87019a_chunks.json,data/cache_kern/afa6fdf762c5506d3cdf5b2d33ba139e336fed1366bfe189e82f8ad5cecf8906.pkl,757,75,757,757
kc58c0eeaf90a,/root/kern_corpus/Mysterium/op11/scriabin-op11_no17.krn,data/pairs_kern/kc58c0eeaf90a.mid,data/pairs_kern/kc58c0eeaf90a.musicxml,data/pairs_kern/kc58c0eeaf90a_chunks.json,data/cache_kern/23c53c7958d55845882271175fae3ecc87cdec027c3a912c7b3708fcdebeeb34.pkl,193,12,193,193
k2db9697498e4,/root/kern_corpus/Mysterium/op11/scriabin-op11_no19.krn,data/pairs_kern/k2db9697498e4.mid,data/pairs_kern/k2db9697498e4.musicxml,data/pairs_kern/k2db9697498e4_chunks.json,data/cache_kern/6448b6c6fe4a6483bd60992eeafe867af1d6796f46aaa82145388737c4513e34.pkl,681,42,681,681
kbf7198784078,/root/kern_corpus/Mysterium/op11/scriabin-op11_no20.krn,data/pairs_kern/kbf7198784078.mid,data/pairs_kern/kbf7198784078.musicxml,data/pairs_kern/kbf7198784078_chunks.json,data/cache_kern/47477f095992920adadeb73a0bb17819d6e66ffcb304f152884ec3a3bf3ed20d.pkl,485,23,485,485
k4a072878047f,/root/kern_corpus/Mysterium/op11/scriabin-op11_no21.krn,data/pairs_kern/k4a072878047f.mid,data/pairs_kern/k4a072878047f.musicxml,data/pairs_kern/k4a072878047f_chunks.json,data/cache_kern/3e01de6b0cf864113240212b4c1eccbdfa5e201eb43049c9d6555bba2b1852a8.pkl,269,26,269,269
k327088567111,/root/kern_corpus/Mysterium/op11/scriabin-op11_no22.krn,data/pairs_kern/k327088567111.mid,data/pairs_kern/k327088567111.musicxml,data/pairs_kern/k327088567111_chunks.json,data/cache_kern/c0bc90b00632e05d1453738d7302caaab1a2caa4f9d3ab27cb77e768123dab17.pkl,243,25,243,243
k2cb6c4b031d1,/root/kern_corpus/Mysterium/op11/scriabin-op11_no23.krn,data/pairs_kern/k2cb6c4b031d1.mid,data/pairs_kern/k2cb6c4b031d1.musicxml,data/pairs_kern/k2cb6c4b031d1_chunks.json,data/cache_kern/d2c303169d108f137801b7b1d3c38110468fd7ba66590cd3c41ae28737290f96.pkl,356,26,356,356
kda0dae41cbbc,/root/kern_corpus/Mysterium/op11/scriabin-op11_no24.krn,data/pairs_kern/kda0dae41cbbc.mid,data/pairs_kern/kda0dae41cbbc.musicxml,data/pairs_kern/kda0dae41cbbc_chunks.json,data/cache_kern/89af96d37eaa5c9d0e10f9522e225d061210e2a1411fc471c6593fbca20626d0.pkl,824,38,824,824
k2f0210c01970,/root/kern_corpus/Mysterium/op12/scriabin-op12_no01.krn,data/pairs_kern/k2f0210c01970.mid,data/pairs_kern/k2f0210c01970.musicxml,data/pairs_kern/k2f0210c01970_chunks.json,data/cache_kern/9eaa122fe22f6bd8a761ac80380d2a4c67c747ff04fad0ef905be204600bab15.pkl,2233,149,2233,2233
k5c8e51ee7613,/root/kern_corpus/Mysterium/op13/scriabin-op13_no01.krn,data/pairs_kern/k5c8e51ee7613.mid,data/pairs_kern/k5c8e51ee7613.musicxml,data/pairs_kern/k5c8e51ee7613_chunks.json,data/cache_kern/c7811c4b6977bc4b22d7dbafbe5067f8023da2c6fb25e69dbd2de90de66977da.pkl,773,43,773,773
kac586ad20c95,/root/kern_corpus/Mysterium/op13/scriabin-op13_no02.krn,data/pairs_kern/kac586ad20c95.mid,data/pairs_kern/kac586ad20c95.musicxml,data/pairs_kern/kac586ad20c95_chunks.json,data/cache_kern/829cbb5e1c7c45dcfa72ad826c2222088143e82445ffef230dbc6ea888f8ed31.pkl,463,29,463,463
kf9078b9290ef,/root/kern_corpus/Mysterium/op13/scriabin-op13_no03.krn,data/pairs_kern/kf9078b9290ef.mid,data/pairs_kern/kf9078b9290ef.musicxml,data/pairs_kern/kf9078b9290ef_chunks.json,data/cache_kern/3c0b003aa27f06cb40bce23e62ddf4e68de4991db1f6f77f1a5548da7004e44d.pkl,265,21,265,265
kb196ca53d81a,/root/kern_corpus/Mysterium/op13/scriabin-op13_no04.krn,data/pairs_kern/kb196ca53d81a.mid,data/pairs_kern/kb196ca53d81a.musicxml,data/pairs_kern/kb196ca53d81a_chunks.json,data/cache_kern/e10a33241c2a9626212fca8dc77f79e29d9e4a908b1fb81a578d190615beaeb9.pkl,625,46,625,625
ka48e9b6510ab,/root/kern_corpus/Mysterium/op13/scriabin-op13_no05.krn,data/pairs_kern/ka48e9b6510ab.mid,data/pairs_kern/ka48e9b6510ab.musicxml,data/pairs_kern/ka48e9b6510ab_chunks.json,data/cache_kern/e1bb37d88e985660f8622a6f6873e37a7b1e9f59468933b6c7a3a1af2f5c5c81.pkl,554,39,554,554
k602cb984dc1c,/root/kern_corpus/Mysterium/op13/scriabin-op13_no06.krn,data/pairs_kern/k602cb984dc1c.mid,data/pairs_kern/k602cb984dc1c.musicxml,data/pairs_kern/k602cb984dc1c_chunks.json,data/cache_kern/76e223c3f8fbababa86ffad1559ddbdfccc84ad2153d51f44e8801ee7837138b.pkl,1310,70,1310,1310
k643faef11408,/root/kern_corpus/Mysterium/op15/scriabin-op15_no01.krn,data/pairs_kern/k643faef11408.mid,data/pairs_kern/k643faef11408.musicxml,data/pairs_kern/k643faef11408_chunks.json,data/cache_kern/a959bc385510f699c4e7c71aa7233c1c48852604d32af134faa2c9148b6f0313.pkl,491,32,491,491
k362a8d1326ae,/root/kern_corpus/Mysterium/op15/scriabin-op15_no02.krn,data/pairs_kern/k362a8d1326ae.mid,data/pairs_kern/k362a8d1326ae.musicxml,data/pairs_kern/k362a8d1326ae_chunks.json,data/cache_kern/0618e13160dffb13ed7624ae43e7d15c478ad4245b256b29e8d06359abfaef77.pkl,573,35,573,573
ka040d7466192,/root/kern_corpus/Mysterium/op15/scriabin-op15_no03.krn,data/pairs_kern/ka040d7466192.mid,data/pairs_kern/ka040d7466192.musicxml,data/pairs_kern/ka040d7466192_chunks.json,data/cache_kern/f2a9981b7e2ca7e699af5998aa16f1d0c51da8bb0c2c92c63b492fce82cb0c10.pkl,640,22,640,640
k31772e9a9968,/root/kern_corpus/Mysterium/op15/scriabin-op15_no05.krn,data/pairs_kern/k31772e9a9968.mid,data/pairs_kern/k31772e9a9968.musicxml,data/pairs_kern/k31772e9a9968_chunks.json,data/cache_kern/0f0554b31e8fcd9c31bb7d6bc18d44230077fb035646e1919a9edd087fddb5a4.pkl,195,30,195,195
k85c7c744210e,/root/kern_corpus/Mysterium/op16/scriabin-op16_no02.krn,data/pairs_kern/k85c7c744210e.mid,data/pairs_kern/k85c7c744210e.musicxml,data/pairs_kern/k85c7c744210e_chunks.json,data/cache_kern/bd1b9dfaefeacdabc77706264bff967d58cd7c42bc51cb59cf7299b4b53420a5.pkl,518,37,518,518
k2e0b868736b5,/root/kern_corpus/Mysterium/op16/scriabin-op16_no03.krn,data/pairs_kern/k2e0b868736b5.mid,data/pairs_kern/k2e0b868736b5.musicxml,data/pairs_kern/k2e0b868736b5_chunks.json,data/cache_kern/1ee9372301523dde9941f2fd0562e412ccbf2d5c86020c95b30176f19b24fe61.pkl,536,35,536,536
k8189cf00a039,/root/kern_corpus/Mysterium/op16/scriabin-op16_no04.krn,data/pairs_kern/k8189cf00a039.mid,data/pairs_kern/k8189cf00a039.musicxml,data/pairs_kern/k8189cf00a039_chunks.json,data/cache_kern/527c1fdddde3103f85a2a9ea00c8e87da636951fa2070c434d419925ad94ce6f.pkl,171,12,171,171
kdd88a71d3e5d,/root/kern_corpus/Mysterium/op16/scriabin-op16_no05.krn,data/pairs_kern/kdd88a71d3e5d.mid,data/pairs_kern/kdd88a71d3e5d.musicxml,data/pairs_kern/kdd88a71d3e5d_chunks.json,data/cache_kern/c8148d141890bdab33643953b5c203d0c2e9104117ec17d4a34232b67e456c43.pkl,237,24,237,237
k555d658fe532,/root/kern_corpus/Mysterium/op17/scriabin-op17_no01.krn,data/pairs_kern/k555d658fe532.mid,data/pairs_kern/k555d658fe532.musicxml,data/pairs_kern/k555d658fe532_chunks.json,data/cache_kern/115bf2417bad0b58a3198ca40dac0924ca7d1977f117de1aff06e1a3056c67fd.pkl,489,56,489,489
kec49be72f797,/root/kern_corpus/Mysterium/op17/scriabin-op17_no03.krn,data/pairs_kern/kec49be72f797.mid,data/pairs_kern/kec49be72f797.musicxml,data/pairs_kern/kec49be72f797_chunks.json,data/cache_kern/4fbd24c3ec7cd0bc27138a7c45a9047e4403d71afd49e2fe52a809b80abe64a1.pkl,499,40,499,499
k976f73ffa7a9,/root/kern_corpus/Mysterium/op17/scriabin-op17_no04.krn,data/pairs_kern/k976f73ffa7a9.mid,data/pairs_kern/k976f73ffa7a9.musicxml,data/pairs_kern/k976f73ffa7a9_chunks.json,data/cache_kern/aee353c2daa9599c6189df3d563c3f8a500730e0639d2ec7ff698b22721d5653.pkl,272,14,272,272
k886f8e140c3f,/root/kern_corpus/Mysterium/op17/scriabin-op17_no05.krn,data/pairs_kern/k886f8e140c3f.mid,data/pairs_kern/k886f8e140c3f.musicxml,data/pairs_kern/k886f8e140c3f_chunks.json,data/cache_kern/a84211f45c8e51cd09a98e533166ebc890aba6fa624ad62684add9d903a118ba.pkl,865,30,865,865
kd9a2bb3ac3b8,/root/kern_corpus/Mysterium/op17/scriabin-op17_no06.krn,data/pairs_kern/kd9a2bb3ac3b8.mid,data/pairs_kern/kd9a2bb3ac3b8.musicxml,data/pairs_kern/kd9a2bb3ac3b8_chunks.json,data/cache_kern/86fec11d08b5f8df3778841097c67a15ac87d4d1fc4644d203c9b985b865ac34.pkl,223,29,223,223
k3b01ef4c2440,/root/kern_corpus/Mysterium/op17/scriabin-op17_no07.krn,data/pairs_kern/k3b01ef4c2440.mid,data/pairs_kern/k3b01ef4c2440.musicxml,data/pairs_kern/k3b01ef4c2440_chunks.json,data/cache_kern/b88eb29047ac28fbc75a8ba81c5256b408416e0eae228b89db01ecc1032ef9b2.pkl,737,36,737,737
k4cc5ee81f6e7,/root/kern_corpus/Mysterium/op18/scriabin-op18.krn,data/pairs_kern/k4cc5ee81f6e7.mid,data/pairs_kern/k4cc5ee81f6e7.musicxml,data/pairs_kern/k4cc5ee81f6e7_chunks.json,data/cache_kern/8cc784d8b51e77cd4bcb6b85b647ec1ba156aa7019bed9bb040731a9ad2b54ab.pkl,3716,213,3716,3716
k9f5cd5680688,/root/kern_corpus/Mysterium/op19/scriabin-op19_no02.krn,data/pairs_kern/k9f5cd5680688.mid,data/pairs_kern/k9f5cd5680688.musicxml,data/pairs_kern/k9f5cd5680688_chunks.json,data/cache_kern/663faca24a2498b824f96e208a3a70a90fed6e91d21e5c94dc23343cc17555ba.pkl,3131,110,3131,3131
ke7870cdc1bfe,/root/kern_corpus/Mysterium/op22/scriabin-op22_no01.krn,data/pairs_kern/ke7870cdc1bfe.mid,data/pairs_kern/ke7870cdc1bfe.musicxml,data/pairs_kern/ke7870cdc1bfe_chunks.json,data/cache_kern/e2db111b17bbd65e41b984fb8be47e5eedd933430c781dfc220ccbed8c2c811d.pkl,257,32,257,257
k064c3d04bd3b,/root/kern_corpus/Mysterium/op22/scriabin-op22_no02.krn,data/pairs_kern/k064c3d04bd3b.mid,data/pairs_kern/k064c3d04bd3b.musicxml,data/pairs_kern/k064c3d04bd3b_chunks.json,data/cache_kern/ba00dcef3d81ef094cd1114eacc3a18b56fcbf5e2cd126aa66481c27ffc8e6ab.pkl,267,22,267,267
k0cfb9410373a,/root/kern_corpus/Mysterium/op22/scriabin-op22_no03.krn,data/pairs_kern/k0cfb9410373a.mid,data/pairs_kern/k0cfb9410373a.musicxml,data/pairs_kern/k0cfb9410373a_chunks.json,data/cache_kern/e3d1ab631219f749bafb02584711f7b623d891c81471ffd0869cccb1d313af6c.pkl,291,28,291,291
k2d5019382117,/root/kern_corpus/Mysterium/op22/scriabin-op22_no04.krn,data/pairs_kern/k2d5019382117.mid,data/pairs_kern/k2d5019382117.musicxml,data/pairs_kern/k2d5019382117_chunks.json,data/cache_kern/43e24ff7628857e4ccd5033ec5f3a42bd19a9acbbfd4096c90b6b36f5e7281c5.pkl,386,24,386,386
kdc75db737aa9,/root/kern_corpus/Mysterium/op23/scriabin-op23_no02.krn,data/pairs_kern/kdc75db737aa9.mid,data/pairs_kern/kdc75db737aa9.musicxml,data/pairs_kern/kdc75db737aa9_chunks.json,data/cache_kern/0217a5edc0baadf4f5fd822ab5f0a9331abc9a531994232c707058dca3be5c9d.pkl,1623,113,1623,1623
k164090fe8ae1,/root/kern_corpus/Mysterium/op23/scriabin-op23_no03.krn,data/pairs_kern/k164090fe8ae1.mid,data/pairs_kern/k164090fe8ae1.musicxml,data/pairs_kern/k164090fe8ae1_chunks.json,data/cache_kern/1a0ccb025f98518f9cbe7abf610de9bbc5de041b8b8edcefef8d4cb281810c1b.pkl,1220,97,1220,1220
kb5aead2125d5,/root/kern_corpus/Mysterium/op23/scriabin-op23_no04.krn,data/pairs_kern/kb5aead2125d5.mid,data/pairs_kern/kb5aead2125d5.musicxml,data/pairs_kern/kb5aead2125d5_chunks.json,data/cache_kern/d73ca6564c15589e2486d535d47067e2ed806e8d33de14094c9ef089fda4aca2.pkl,3787,235,3787,3787
kb837f9ad0bcd,/root/kern_corpus/Mysterium/op25/scriabin-op25_no01.krn,data/pairs_kern/kb837f9ad0bcd.mid,data/pairs_kern/kb837f9ad0bcd.musicxml,data/pairs_kern/kb837f9ad0bcd_chunks.json,data/cache_kern/11b9614ef79cfa679cdb94a71af6fa2791a84ea0599e03c0df2306f592b5b276.pkl,1541,216,1541,1541
k47251eed3685,/root/kern_corpus/Mysterium/op25/scriabin-op25_no02.krn,data/pairs_kern/k47251eed3685.mid,data/pairs_kern/k47251eed3685.musicxml,data/pairs_kern/k47251eed3685_chunks.json,data/cache_kern/1abf592039def768a7c30d4c7758d1ffac3d8efbdcaffc5a2d043fede4e76dfe.pkl,1187,162,1187,1187
k3fde726c75c8,/root/kern_corpus/Mysterium/op25/scriabin-op25_no03.krn,data/pairs_kern/k3fde726c75c8.mid,data/pairs_kern/k3fde726c75c8.musicxml,data/pairs_kern/k3fde726c75c8_chunks.json,data/cache_kern/f592435891e7219e04bec1e313cdce9c40457a2e50ef9f12b075baf124da7519.pkl,373,58,373,373
kacecaa7e8e57,/root/kern_corpus/Mysterium/op25/scriabin-op25_no04.krn,data/pairs_kern/kacecaa7e8e57.mid,data/pairs_kern/kacecaa7e8e57.musicxml,data/pairs_kern/kacecaa7e8e57_chunks.json,data/cache_kern/8dbe67ef7e680e295b400dd09f0dda914d51a6e336fcf5d7d90287fee29bd6f1.pkl,1435,171,1435,1435
kc4895c420f52,/root/kern_corpus/Mysterium/op25/scriabin-op25_no05.krn,data/pairs_kern/kc4895c420f52.mid,data/pairs_kern/kc4895c420f52.musicxml,data/pairs_kern/kc4895c420f52_chunks.json,data/cache_kern/b99ad0649e96e6f77e20427877131eadc56067f638e7af1c15904c48d245b8de.pkl,665,118,665,665
k1522bbb9e1d3,/root/kern_corpus/Mysterium/op25/scriabin-op25_no06.krn,data/pairs_kern/k1522bbb9e1d3.mid,data/pairs_kern/k1522bbb9e1d3.musicxml,data/pairs_kern/k1522bbb9e1d3_chunks.json,data/cache_kern/1ef1f61b9262aa4ea9a7e06038b08720a5314b2eeaef71c7bdcf036c033655e6.pkl,913,92,913,913
k15ebf4bc3b68,/root/kern_corpus/Mysterium/op25/scriabin-op25_no07.krn,data/pairs_kern/k15ebf4bc3b68.mid,data/pairs_kern/k15ebf4bc3b68.musicxml,data/pairs_kern/k15ebf4bc3b68_chunks.json,data/cache_kern/e07e38254d80b67e05ea094eadcbfafdd7554e27658fe5ca054b853c4e0a3a0f.pkl,1710,171,1710,1710
k6d4109f829ab,/root/kern_corpus/Mysterium/op25/scriabin-op25_no08.krn,data/pairs_kern/k6d4109f829ab.mid,data/pairs_kern/k6d4109f829ab.musicxml,data/pairs_kern/k6d4109f829ab_chunks.json,data/cache_kern/ed67f35ef0f80f17559b6fce64acee59ece2195d43847a1023ae896c7b489581.pkl,710,128,710,710
k9cf1307d1161,/root/kern_corpus/Mysterium/op25/scriabin-op25_no09.krn,data/pairs_kern/k9cf1307d1161.mid,data/pairs_kern/k9cf1307d1161.musicxml,data/pairs_kern/k9cf1307d1161_chunks.json,data/cache_kern/673847a13fd7197be71ab8c1f2c0de5fdd59c799febf27c1fc5d2d460a0fb2dc.pkl,898,163,898,898
kb2c574a35335,/root/kern_corpus/Mysterium/op27/scriabin-op27_no01.krn,data/pairs_kern/kb2c574a35335.mid,data/pairs_kern/kb2c574a35335.musicxml,data/pairs_kern/kb2c574a35335_chunks.json,data/cache_kern/f91bf4f1a695f3566d3275e98a9198a9abf68bb19448b5303673874c65b48942.pkl,486,47,486,486
ka35b06f94e36,/root/kern_corpus/Mysterium/op27/scriabin-op27_no02.krn,data/pairs_kern/ka35b06f94e36.mid,data/pairs_kern/ka35b06f94e36.musicxml,data/pairs_kern/ka35b06f94e36_chunks.json,data/cache_kern/e9f6a945544701a5b28bbc0196603d7d5d8553c295c83f38b207b4c04f0aa6f1.pkl,206,20,206,206
k08a51cef85c8,/root/kern_corpus/Mysterium/op28/scriabin-op28.krn,data/pairs_kern/k08a51cef85c8.mid,data/pairs_kern/k08a51cef85c8.musicxml,data/pairs_kern/k08a51cef85c8_chunks.json,data/cache_kern/63469ed66a38f499ade5b64771133f890fc40a9d1795a2c65b55646230177c8b.pkl,2974,175,2974,2974
ka5595399248b,/root/kern_corpus/Mysterium/op30/scriabin-op30_no01.krn,data/pairs_kern/ka5595399248b.mid,data/pairs_kern/ka5595399248b.musicxml,data/pairs_kern/ka5595399248b_chunks.json,data/cache_kern/a630b094f9dc21668e301708e690d5a71f6da1b0bd8b09aed80c4b12c4f6577b.pkl,892,66,892,892
k41491d0dea38,/root/kern_corpus/Mysterium/op30/scriabin-op30_no02.krn,data/pairs_kern/k41491d0dea38.mid,data/pairs_kern/k41491d0dea38.musicxml,data/pairs_kern/k41491d0dea38_chunks.json,data/cache_kern/bec4e10792106144313d9eb6e07e3aaa859a2af6b7ffa0039936d45ef1fae090.pkl,4571,272,4571,4571
k8bb6ada3fad7,/root/kern_corpus/Mysterium/op31/scriabin-op31_no01.krn,data/pairs_kern/k8bb6ada3fad7.mid,data/pairs_kern/k8bb6ada3fad7.musicxml,data/pairs_kern/k8bb6ada3fad7_chunks.json,data/cache_kern/9a7a299003bf3c0034697cf038d7b94d6ad09089a7142c3889c97efda5f82993.pkl,644,36,644,644
ke7f651221596,/root/kern_corpus/Mysterium/op31/scriabin-op31_no02.krn,data/pairs_kern/ke7f651221596.mid,data/pairs_kern/ke7f651221596.musicxml,data/pairs_kern/ke7f651221596_chunks.json,data/cache_kern/b94b7615d5159ed7590cbbb6707c41043f2611bee34295ce65294ed14e2333e6.pkl,222,25,222,222
ka8a176690602,/root/kern_corpus/Mysterium/op31/scriabin-op31_no03.krn,data/pairs_kern/ka8a176690602.mid,data/pairs_kern/ka8a176690602.musicxml,data/pairs_kern/ka8a176690602_chunks.json,data/cache_kern/ece6f1df7a69238eb87f12cee74f3e78e061fac6b77fc121858361bbbfa439b6.pkl,362,35,362,362
k352d785024b9,/root/kern_corpus/Mysterium/op31/scriabin-op31_no04.krn,data/pairs_kern/k352d785024b9.mid,data/pairs_kern/k352d785024b9.musicxml,data/pairs_kern/k352d785024b9_chunks.json,data/cache_kern/0ced9a5653f09b45e3f6862663b3d61e290b91e3c9e1fbb22760a1beee4fd6e0.pkl,140,25,140,140
k3ed4424e2791,/root/kern_corpus/Mysterium/op32/scriabin-op32_no01.krn,data/pairs_kern/k3ed4424e2791.mid,data/pairs_kern/k3ed4424e2791.musicxml,data/pairs_kern/k3ed4424e2791_chunks.json,data/cache_kern/9ba3cf455293ed83cf47e5853694188a859f460fe3b5593e427add1825e1f0c0.pkl,870,49,870,870
k659adf82c28d,/root/kern_corpus/Mysterium/op32/scriabin-op32_no02.krn,data/pairs_kern/k659adf82c28d.mid,data/pairs_kern/k659adf82c28d.musicxml,data/pairs_kern/k659adf82c28d_chunks.json,data/cache_kern/de45c5ba6a257077590a7021be114107effe4851ac444bd6ec74d7292c0fa60f.pkl,1537,31,1537,1537
k19c66fc000b9,/root/kern_corpus/Mysterium/op33/scriabin-op33_no01.krn,data/pairs_kern/k19c66fc000b9.mid,data/pairs_kern/k19c66fc000b9.musicxml,data/pairs_kern/k19c66fc000b9_chunks.json,data/cache_kern/c6ef48faa4b2c074f9046359c4b6853c8260dd70e75d176ceff39aa202a546d7.pkl,189,21,189,189
k65a49173e104,/root/kern_corpus/Mysterium/op33/scriabin-op33_no02.krn,data/pairs_kern/k65a49173e104.mid,data/pairs_kern/k65a49173e104.musicxml,data/pairs_kern/k65a49173e104_chunks.json,data/cache_kern/f4c4e56c0cf4bc5c0a68b881e61cd71869a9ebf68c659e4012652fe8dae98534.pkl,200,28,200,200
kadebb8b2107f,/root/kern_corpus/Mysterium/op33/scriabin-op33_no03.krn,data/pairs_kern/kadebb8b2107f.mid,data/pairs_kern/kadebb8b2107f.musicxml,data/pairs_kern/kadebb8b2107f_chunks.json,data/cache_kern/18d29f04b44adc7ede879789910c3eac56fdfadea5a74fd846f080a602d4b07d.pkl,207,13,207,207
k8edc937a44f9,/root/kern_corpus/Mysterium/op33/scriabin-op33_no04.krn,data/pairs_kern/k8edc937a44f9.mid,data/pairs_kern/k8edc937a44f9.musicxml,data/pairs_kern/k8edc937a44f9_chunks.json,data/cache_kern/233bbbcb2815a165dbdd1ce3ee52e164250ac7c415c1ade7b43d6ab2bb6cf612.pkl,461,33,461,461
k8451bf3d4650,/root/kern_corpus/Mysterium/op34/scriabin-op34.krn,data/pairs_kern/k8451bf3d4650.mid,data/pairs_kern/k8451bf3d4650.musicxml,data/pairs_kern/k8451bf3d4650_chunks.json,data/cache_kern/04332340805a1d9b4d92a811be23bb1f2d5ea9ba615a8be9ec93a70cbda1c349.pkl,3573,69,3573,3573
kc51ca4e42430,/root/kern_corpus/Mysterium/op35/scriabin-op35_no01.krn,data/pairs_kern/kc51ca4e42430.mid,data/pairs_kern/kc51ca4e42430.musicxml,data/pairs_kern/kc51ca4e42430_chunks.json,data/cache_kern/042df3ed5ffa532d6e57f3b1ee50a6e2073483ec10b118d4249cb2ad956c7ecc.pkl,495,23,495,495
k9f3b37665721,/root/kern_corpus/Mysterium/op35/scriabin-op35_no02.krn,data/pairs_kern/k9f3b37665721.mid,data/pairs_kern/k9f3b37665721.musicxml,data/pairs_kern/k9f3b37665721_chunks.json,data/cache_kern/9c2aa8981d91a4cda44e36ffbbfaedec0d92015285090b73fb1a50a6706bbe50.pkl,321,36,321,321
kd7a197694be7,/root/kern_corpus/Mysterium/op35/scriabin-op35_no03.krn,data/pairs_kern/kd7a197694be7.mid,data/pairs_kern/kd7a197694be7.musicxml,data/pairs_kern/kd7a197694be7_chunks.json,data/cache_kern/ef23a1fc5de0635671948013ed5e4f57638a8153fe1963bfbc870059d9316cda.pkl,737,126,737,737
k9dbbdfeda4e1,/root/kern_corpus/Mysterium/op36/scriabin-op36.krn,data/pairs_kern/k9dbbdfeda4e1.mid,data/pairs_kern/k9dbbdfeda4e1.musicxml,data/pairs_kern/k9dbbdfeda4e1_chunks.json,data/cache_kern/1788de423d259ee749950002208e3be4454193ab090ecf7e171aaef55ab5b72e.pkl,3895,308,3895,3895
k25327772175c,/root/kern_corpus/Mysterium/op37/scriabin-op37_no01.krn,data/pairs_kern/k25327772175c.mid,data/pairs_kern/k25327772175c.musicxml,data/pairs_kern/k25327772175c_chunks.json,data/cache_kern/1feb73d7a7ca8fba8ea2b74c9b1ef8980f96a7475a78b05d7ba97803628b14da.pkl,378,41,378,378
k29dd922fe06f,/root/kern_corpus/Mysterium/op37/scriabin-op37_no02.krn,data/pairs_kern/k29dd922fe06f.mid,data/pairs_kern/k29dd922fe06f.musicxml,data/pairs_kern/k29dd922fe06f_chunks.json,data/cache_kern/e1c4c5856b025cd0e321d049f2b6d7fdb4ec3c889bf8ed3c69676cae3cd8a7d7.pkl,792,21,792,792
k387d2ae8eac3,/root/kern_corpus/Mysterium/op37/scriabin-op37_no03.krn,data/pairs_kern/k387d2ae8eac3.mid,data/pairs_kern/k387d2ae8eac3.musicxml,data/pairs_kern/k387d2ae8eac3_chunks.json,data/cache_kern/f012acf4707adf1684b1a1357516bd971ed38c2128d6e31ac2ad784319b51346.pkl,430,32,430,430
k193997e08e63,/root/kern_corpus/Mysterium/op37/scriabin-op37_no04.krn,data/pairs_kern/k193997e08e63.mid,data/pairs_kern/k193997e08e63.musicxml,data/pairs_kern/k193997e08e63_chunks.json,data/cache_kern/2f497a2e82b513e3513ac5964c5d188e6051dbc301d09991734987b73eae7fbf.pkl,424,41,424,424
ka7d141481901,/root/kern_corpus/Mysterium/op38/scriabin-op38.krn,data/pairs_kern/ka7d141481901.mid,data/pairs_kern/ka7d141481901.musicxml,data/pairs_kern/ka7d141481901_chunks.json,data/cache_kern/99269066bb84f28b2fd6a8eb2aad97bbc7e49fe687471f9a92f783b5c0f93a4e.pkl,2322,273,2322,2322
k328b70494d29,/root/kern_corpus/Mysterium/op39/scriabin-op39_no01.krn,data/pairs_kern/k328b70494d29.mid,data/pairs_kern/k328b70494d29.musicxml,data/pairs_kern/k328b70494d29_chunks.json,data/cache_kern/68d883bb943d14251387c2074546c151b2a011b39a3ccfc4a1724e288dd27e0b.pkl,448,33,448,448
k794182a13371,/root/kern_corpus/Mysterium/op39/scriabin-op39_no02.krn,data/pairs_kern/k794182a13371.mid,data/pairs_kern/k794182a13371.musicxml,data/pairs_kern/k794182a13371_chunks.json,data/cache_kern/21bb2a04e4ea45a7a7676d5be9cb34562d9391a6350f8743c6760c0df456bebb.pkl,182,28,182,182
k4b2e02ee8a72,/root/kern_corpus/Mysterium/op39/scriabin-op39_no03.krn,data/pairs_kern/k4b2e02ee8a72.mid,data/pairs_kern/k4b2e02ee8a72.musicxml,data/pairs_kern/k4b2e02ee8a72_chunks.json,data/cache_kern/f6a1a520d6441b569618481290256aa453f4049e84a441d875d00596bd75d0f5.pkl,317,15,317,317
kb8916bf0a071,/root/kern_corpus/Mysterium/op39/scriabin-op39_no04.krn,data/pairs_kern/kb8916bf0a071.mid,data/pairs_kern/kb8916bf0a071.musicxml,data/pairs_kern/kb8916bf0a071_chunks.json,data/cache_kern/4f0af0c401312e1119eaa4e638a37916f8f86eae9cf11b62938edff128f2f10a.pkl,198,17,198,198
ke0a69d029f5e,/root/kern_corpus/Mysterium/op40/scriabin-op40_no01.krn,data/pairs_kern/ke0a69d029f5e.mid,data/pairs_kern/ke0a69d029f5e.musicxml,data/pairs_kern/ke0a69d029f5e_chunks.json,data/cache_kern/c4b65ed88edb837d2c1c6b0951bba59edde457d1bf0fba0df1814ec0f28905d5.pkl,660,56,660,660
kd13af2e1e9bf,/root/kern_corpus/Mysterium/op40/scriabin-op40_no02.krn,data/pairs_kern/kd13af2e1e9bf.mid,data/pairs_kern/kd13af2e1e9bf.musicxml,data/pairs_kern/kd13af2e1e9bf_chunks.json,data/cache_kern/b5fb9ec7e687f1878815bbc417cae686c08270ec5a9670171a326c2e8872743a.pkl,432,90,432,432
kb46f2d9744d0,/root/kern_corpus/Mysterium/op41/scriabin-op41.krn,data/pairs_kern/kb46f2d9744d0.mid,data/pairs_kern/kb46f2d9744d0.musicxml,data/pairs_kern/kb46f2d9744d0_chunks.json,data/cache_kern/45aefa948ea45c9965ef53ab76f800504323b689769f271f0609289062abd416.pkl,667,82,667,667
k42d9ecabe181,/root/kern_corpus/Mysterium/op42/scriabin-op42_no01.krn,data/pairs_kern/k42d9ecabe181.mid,data/pairs_kern/k42d9ecabe181.musicxml,data/pairs_kern/k42d9ecabe181_chunks.json,data/cache_kern/f778213b383a325532801b84847f23d14ab323597d9bb58dfed93e110587365e.pkl,1485,114,1485,1485
ke96deaf1e4b3,/root/kern_corpus/Mysterium/op42/scriabin-op42_no02.krn,data/pairs_kern/ke96deaf1e4b3.mid,data/pairs_kern/ke96deaf1e4b3.musicxml,data/pairs_kern/ke96deaf1e4b3_chunks.json,data/cache_kern/4850b78c9495788b0a9cea10276f520d06cfc09567e41161d8cdd7ee337039ef.pkl,369,33,369,369
k1e910458b9c0,/root/kern_corpus/Mysterium/op42/scriabin-op42_no03.krn,data/pairs_kern/k1e910458b9c0.mid,data/pairs_kern/k1e910458b9c0.musicxml,data/pairs_kern/k1e910458b9c0_chunks.json,data/cache_kern/e88e6a1b2eb7e1ef5ad03eea57f65c963a96409e276c0d5e90682c513a73ba9f.pkl,723,34,723,723
kaa76e807c263,/root/kern_corpus/Mysterium/op42/scriabin-op42_no04.krn,data/pairs_kern/kaa76e807c263.mid,data/pairs_kern/kaa76e807c263.musicxml,data/pairs_kern/kaa76e807c263_chunks.json,data/cache_kern/ba8ff7cb62f4196e9bc963cbef08c741bed703478f2723b02d0b84cd1f99817f.pkl,732,47,732,732
k091c6d9ed787,/root/kern_corpus/Mysterium/op42/scriabin-op42_no05.krn,data/pairs_kern/k091c6d9ed787.mid,data/pairs_kern/k091c6d9ed787.musicxml,data/pairs_kern/k091c6d9ed787_chunks.json,data/cache_kern/a3a5cf9583f23a08eacab1ea4669255abedc7e1f340b760665565b65b080b32f.pkl,2714,98,2714,2714
k224649bf0f50,/root/kern_corpus/Mysterium/op42/scriabin-op42_no06.krn,data/pairs_kern/k224649bf0f50.mid,data/pairs_kern/k224649bf0f50.musicxml,data/pairs_kern/k224649bf0f50_chunks.json,data/cache_kern/050ee05b9ad126cfc558e42d0ff46aca525b0e6eea5912a8b3380888c1125b39.pkl,1286,47,1286,1286
k6fe17882a5b7,/root/kern_corpus/Mysterium/op42/scriabin-op42_no07.krn,data/pairs_kern/k6fe17882a5b7.mid,data/pairs_kern/k6fe17882a5b7.musicxml,data/pairs_kern/k6fe17882a5b7_chunks.json,data/cache_kern/021d4dc1b90ad3a7cd92292ae4889dab5b8dd4516db06864499253305f67806f.pkl,743,47,743,743
ke2ba7dac17eb,/root/kern_corpus/Mysterium/op42/scriabin-op42_no08.krn,data/pairs_kern/ke2ba7dac17eb.mid,data/pairs_kern/ke2ba7dac17eb.musicxml,data/pairs_kern/ke2ba7dac17eb_chunks.json,data/cache_kern/d85096808180b6a2e224f8775bc2780ae75b6ede778254401a3df52da4b2cc84.pkl,1216,51,1216,1216
k91cf7c33320d,/root/kern_corpus/Mysterium/op44/scriabin-op44_no01.krn,data/pairs_kern/k91cf7c33320d.mid,data/pairs_kern/k91cf7c33320d.musicxml,data/pairs_kern/k91cf7c33320d_chunks.json,data/cache_kern/4b3c7fa007313eee5a0da632c3dccfc79e15fbb6355a49bb19593ca46c99915c.pkl,213,28,213,213
kbc1361ed464c,/root/kern_corpus/Mysterium/op44/scriabin-op44_no02.krn,data/pairs_kern/kbc1361ed464c.mid,data/pairs_kern/kbc1361ed464c.musicxml,data/pairs_kern/kbc1361ed464c_chunks.json,data/cache_kern/a0dd082b17e8731d2a1f0092e30cd846e2c4d6f35e81fa8771bb5caabb1ff023.pkl,502,47,502,502
k8a5bca5fe4f5,/root/kern_corpus/Mysterium/op45/scriabin-op45_no01.krn,data/pairs_kern/k8a5bca5fe4f5.mid,data/pairs_kern/k8a5bca5fe4f5.musicxml,data/pairs_kern/k8a5bca5fe4f5_chunks.json,data/cache_kern/67d1afdf128c4dc85dc9921527a6419e48e832e9255c9eb98916cc91828447d7.pkl,195,35,195,195
k80866baeb919,/root/kern_corpus/Mysterium/op45/scriabin-op45_no02.krn,data/pairs_kern/k80866baeb919.mid,data/pairs_kern/k80866baeb919.musicxml,data/pairs_kern/k80866baeb919_chunks.json,data/cache_kern/9a90d49632e259576f98e687ed2f7a543cfe290a05de31faa20d9b120cd27bea.pkl,219,16,219,219
k81d686a753e7,/root/kern_corpus/Mysterium/op45/scriabin-op45_no03.krn,data/pairs_kern/k81d686a753e7.mid,data/pairs_kern/k81d686a753e7.musicxml,data/pairs_kern/k81d686a753e7_chunks.json,data/cache_kern/3666c4eda2ebfd3982653c8c7f4da798e6aa10063ac0a754ee9b2faa6792be03.pkl,278,32,278,278
k779f00f6a0b0,/root/kern_corpus/Mysterium/op46/scriabin-op46.krn,data/pairs_kern/k779f00f6a0b0.mid,data/pairs_kern/k779f00f6a0b0.musicxml,data/pairs_kern/k779f00f6a0b0_chunks.json,data/cache_kern/0e1d53a2db631b96d98fbc6eb629af5bcb4fed677ac9910096566765596fdea9.pkl,891,59,891,891
k1dc857d93b36,/root/kern_corpus/Mysterium/op47/scriabin-op47.krn,data/pairs_kern/k1dc857d93b36.mid,data/pairs_kern/k1dc857d93b36.musicxml,data/pairs_kern/k1dc857d93b36_chunks.json,data/cache_kern/48fdbf2f9bec9acc11020aca9fa8ff863a1a3c9687d3fb05e19f070cd9362701.pkl,280,61,280,280
k80beadbd7849,/root/kern_corpus/Mysterium/op48/scriabin-op48_no01.krn,data/pairs_kern/k80beadbd7849.mid,data/pairs_kern/k80beadbd7849.musicxml,data/pairs_kern/k80beadbd7849_chunks.json,data/cache_kern/655da4a5c6cac3f6642bfc55903612843eaff3ca0406762521e581ad9a5e7afd.pkl,314,33,314,314
k52ad32a8bf4a,/root/kern_corpus/Mysterium/op48/scriabin-op48_no02.krn,data/pairs_kern/k52ad32a8bf4a.mid,data/pairs_kern/k52ad32a8bf4a.musicxml,data/pairs_kern/k52ad32a8bf4a_chunks.json,data/cache_kern/4c5cddebe8de0d90375957463c02acf644f198dee7386fa94d53d3587b4b9ae2.pkl,219,10,219,219
ka541737c3359,/root/kern_corpus/Mysterium/op48/scriabin-op48_no03.krn,data/pairs_kern/ka541737c3359.mid,data/pairs_kern/ka541737c3359.musicxml,data/pairs_kern/ka541737c3359_chunks.json,data/cache_kern/fc858dac23e0bd0ff683f78ad821a22d52c46ae3bb450af5d76b26369a0fcaab.pkl,308,23,308,308
kfa06b826f430,/root/kern_corpus/Mysterium/op48/scriabin-op48_no04.krn,data/pairs_kern/kfa06b826f430.mid,data/pairs_kern/kfa06b826f430.musicxml,data/pairs_kern/kfa06b826f430_chunks.json,data/cache_kern/70651d1e5f01b5ec7a3807cbb73d210efc75715849a15550f7cf7217dcbde9c5.pkl,509,23,509,509
k9c81cef352eb,/root/kern_corpus/Mysterium/op49/scriabin-op49_no01.krn,data/pairs_kern/k9c81cef352eb.mid,data/pairs_kern/k9c81cef352eb.musicxml,data/pairs_kern/k9c81cef352eb_chunks.json,data/cache_kern/89338502e1c0b6eaaa4083c86cf58cca69c71a59b56ab5166ec7738313bd9d42.pkl,408,33,408,408
ka285d64444b7,/root/kern_corpus/Mysterium/op49/scriabin-op49_no02.krn,data/pairs_kern/ka285d64444b7.mid,data/pairs_kern/ka285d64444b7.musicxml,data/pairs_kern/ka285d64444b7_chunks.json,data/cache_kern/8231c4f9763480bb3ae9a1c28d284865169ad54945478f557cbbc0f07ae05249.pkl,277,44,277,277
k48daf9daa94c,/root/kern_corpus/Mysterium/op49/scriabin-op49_no03.krn,data/pairs_kern/k48daf9daa94c.mid,data/pairs_kern/k48daf9daa94c.musicxml,data/pairs_kern/k48daf9daa94c_chunks.json,data/cache_kern/6b1fb1c4c12aaa695f11d6a92f0ea57fde7807d89f5297bb2c9a73a0adf4f418.pkl,266,24,266,266
keb8aabd45ae7,/root/kern_corpus/Mysterium/op51/scriabin-op51_no01.krn,data/pairs_kern/keb8aabd45ae7.mid,data/pairs_kern/keb8aabd45ae7.musicxml,data/pairs_kern/keb8aabd45ae7_chunks.json,data/cache_kern/696112ce31cad06efb77b229f52379b567a4e0242f193d6fb5d722784932ada3.pkl,1140,70,1140,1140
kdd3888141fb0,/root/kern_corpus/Mysterium/op51/scriabin-op51_no02.krn,data/pairs_kern/kdd3888141fb0.mid,data/pairs_kern/kdd3888141fb0.musicxml,data/pairs_kern/kdd3888141fb0_chunks.json,data/cache_kern/0ad08bf0e9d249960607781543fd99f29b7b3a04b635180465229f8d5e439d78.pkl,384,31,384,384
k9e9bd1c61bf1,/root/kern_corpus/Mysterium/op51/scriabin-op51_no03.krn,data/pairs_kern/k9e9bd1c61bf1.mid,data/pairs_kern/k9e9bd1c61bf1.musicxml,data/pairs_kern/k9e9bd1c61bf1_chunks.json,data/cache_kern/ededf0894746aa9a191c3cf65ce7aaef8627a9c4a0f6ca04d62cb8465ac8f49d.pkl,469,33,469,469
k17e7b2a8ae01,/root/kern_corpus/Mysterium/op51/scriabin-op51_no04.krn,data/pairs_kern/k17e7b2a8ae01.mid,data/pairs_kern/k17e7b2a8ae01.musicxml,data/pairs_kern/k17e7b2a8ae01_chunks.json,data/cache_kern/bd03100ceb898783e4bd69b24bb86a3060bb5737dfa09a9820eda9c8b349e259.pkl,257,19,257,257
kb2f440381988,/root/kern_corpus/Mysterium/op52/scriabin-op52_no01.krn,data/pairs_kern/kb2f440381988.mid,data/pairs_kern/kb2f440381988.musicxml,data/pairs_kern/kb2f440381988_chunks.json,data/cache_kern/db263e820bbe6d8569be9d3a8c757112720ba18a8ef631ddc190483e38e4a940.pkl,662,49,662,662
ked975f15030d,/root/kern_corpus/Mysterium/op52/scriabin-op52_no02.krn,data/pairs_kern/ked975f15030d.mid,data/pairs_kern/ked975f15030d.musicxml,data/pairs_kern/ked975f15030d_chunks.json,data/cache_kern/61be09617e8a7177f1392a625db5fe8ab1ada54be54e9c570c5e92d40ef86d69.pkl,346,90,346,346
k815180d39fe9,/root/kern_corpus/Mysterium/op52/scriabin-op52_no03.krn,data/pairs_kern/k815180d39fe9.mid,data/pairs_kern/k815180d39fe9.musicxml,data/pairs_kern/k815180d39fe9_chunks.json,data/cache_kern/75e05116e105b7d49710cf2397e4ece8b6e32eb4e57754e8f434d03155a7cc9e.pkl,168,13,168,168
k7f430fbfab42,/root/kern_corpus/Mysterium/op53/scriabin-op53.krn,data/pairs_kern/k7f430fbfab42.mid,data/pairs_kern/k7f430fbfab42.musicxml,data/pairs_kern/k7f430fbfab42_chunks.json,data/cache_kern/2c4f2ea2609758ff856b1c2d5c6979733e4c3cf42d8c0439322cf868a81d9e6e.pkl,7278,1102,7278,7278
kf439d6445142,/root/kern_corpus/Mysterium/op56/scriabin-op56_no01.krn,data/pairs_kern/kf439d6445142.mid,data/pairs_kern/kf439d6445142.musicxml,data/pairs_kern/kf439d6445142_chunks.json,data/cache_kern/123aa50c599b4c935b7b289a79c406be637db9700dd516f31b0b9699d6c29bee.pkl,521,27,521,521
k458bb2eb1903,/root/kern_corpus/Mysterium/op56/scriabin-op56_no02.krn,data/pairs_kern/k458bb2eb1903.mid,data/pairs_kern/k458bb2eb1903.musicxml,data/pairs_kern/k458bb2eb1903_chunks.json,data/cache_kern/bbb287dccb35d44fd7885db6982ccecde3f8ac6971995a0fbbe7a2c4792b58f7.pkl,1144,103,1144,1144
k1524a09b99bb,/root/kern_corpus/Mysterium/op56/scriabin-op56_no03.krn,data/pairs_kern/k1524a09b99bb.mid,data/pairs_kern/k1524a09b99bb.musicxml,data/pairs_kern/k1524a09b99bb_chunks.json,data/cache_kern/5ba2440b0fca774706869da61a89649a0148caf6c03047584c7f7fd1be40a928.pkl,245,18,245,245
k36c07c145d4c,/root/kern_corpus/Mysterium/op56/scriabin-op56_no04.krn,data/pairs_kern/k36c07c145d4c.mid,data/pairs_kern/k36c07c145d4c.musicxml,data/pairs_kern/k36c07c145d4c_chunks.json,data/cache_kern/dfdb535899e57c540c3a44c738ffe09586ae82624f081545c77659f816765b1d.pkl,302,31,302,302
k325088e45491,/root/kern_corpus/Mysterium/op57/scriabin-op57_no01.krn,data/pairs_kern/k325088e45491.mid,data/pairs_kern/k325088e45491.musicxml,data/pairs_kern/k325088e45491_chunks.json,data/cache_kern/1498682c9a0bec841b7140763bc9efcb0d68529c5b5f4a9e563886e24d43062f.pkl,277,14,277,277
kf20370acc79f,/root/kern_corpus/Mysterium/op57/scriabin-op57_no02.krn,data/pairs_kern/kf20370acc79f.mid,data/pairs_kern/kf20370acc79f.musicxml,data/pairs_kern/kf20370acc79f_chunks.json,data/cache_kern/077d6a7ed8b0e0c8a204e054b79e597d67a89102c5f2f1b99a716546e536c04c.pkl,372,59,372,372
k38462d1c24d2,/root/kern_corpus/Mysterium/op58/scriabin-op58.krn,data/pairs_kern/k38462d1c24d2.mid,data/pairs_kern/k38462d1c24d2.musicxml,data/pairs_kern/k38462d1c24d2_chunks.json,data/cache_kern/eb68dfa914fd877b438e1c74b06fa4b45580ea6b26bf58dcf2fd7d52f79a37a6.pkl,247,22,247,247
kc18a192141d1,/root/kern_corpus/Mysterium/op59/scriabin-op59_no01.krn,data/pairs_kern/kc18a192141d1.mid,data/pairs_kern/kc18a192141d1.musicxml,data/pairs_kern/kc18a192141d1_chunks.json,data/cache_kern/8c402be8a6eff8953c88fb5ddf9dfb2a417a669286114658deff26752d10ff44.pkl,379,39,379,379
k5c76c029070e,/root/kern_corpus/Mysterium/op59/scriabin-op59_no02.krn,data/pairs_kern/k5c76c029070e.mid,data/pairs_kern/k5c76c029070e.musicxml,data/pairs_kern/k5c76c029070e_chunks.json,data/cache_kern/bf3365f1534dae203cb554cb0dd2c2aa8635115b4a1918060e9b881625237e74.pkl,909,61,909,909
k9c7981693818,/root/kern_corpus/Mysterium/op61/scriabin-op61.krn,data/pairs_kern/k9c7981693818.mid,data/pairs_kern/k9c7981693818.musicxml,data/pairs_kern/k9c7981693818_chunks.json,data/cache_kern/7e569e461663d60047a751a67cd60a9f823d4c5ad2cde1ba50bf765553fa7920.pkl,1417,172,1417,1417
kcfb66f8b3250,/root/kern_corpus/Mysterium/op62/scriabin-op62.krn,data/pairs_kern/kcfb66f8b3250.mid,data/pairs_kern/kcfb66f8b3250.musicxml,data/pairs_kern/kcfb66f8b3250_chunks.json,data/cache_kern/a867dcd5d8294b36800832ea79bb1e89961e9408562347cb3062581ecaeaad0d.pkl,5526,730,5526,5526
k3078287d076b,/root/kern_corpus/Mysterium/op63/scriabin-op63_no01.krn,data/pairs_kern/k3078287d076b.mid,data/pairs_kern/k3078287d076b.musicxml,data/pairs_kern/k3078287d076b_chunks.json,data/cache_kern/7d0591ba695f74b223d7183b214d004c5dbdafe6651a7fedcfb918bd51275b37.pkl,264,32,264,264
kbefc5651c40f,/root/kern_corpus/Mysterium/op63/scriabin-op63_no02.krn,data/pairs_kern/kbefc5651c40f.mid,data/pairs_kern/kbefc5651c40f.musicxml,data/pairs_kern/kbefc5651c40f_chunks.json,data/cache_kern/cf4047b2312ce2105006f7e5da696df731d02a668fa829341f26d05dc77b5fbc.pkl,729,34,729,729
k4a0c893db8f3,/root/kern_corpus/Mysterium/op64/scriabin-op64.krn,data/pairs_kern/k4a0c893db8f3.mid,data/pairs_kern/k4a0c893db8f3.musicxml,data/pairs_kern/k4a0c893db8f3_chunks.json,data/cache_kern/81a1880e93cc87d7ec839068cceeb9e381845a5794115cfe5df122a8578f3e5f.pkl,3791,650,3791,3791
k4ae5c459888f,/root/kern_corpus/Mysterium/op65/scriabin-op65_no01.krn,data/pairs_kern/k4ae5c459888f.mid,data/pairs_kern/k4ae5c459888f.musicxml,data/pairs_kern/k4ae5c459888f_chunks.json,data/cache_kern/3c8ba4a75bd8aec1c5ac1e4fa476de2252bb2a92ae68260a9c8ab4043a844236.pkl,1666,112,1666,1666
k3ee16ab0afc0,/root/kern_corpus/Mysterium/op67/scriabin-op67_no01.krn,data/pairs_kern/k3ee16ab0afc0.mid,data/pairs_kern/k3ee16ab0afc0.musicxml,data/pairs_kern/k3ee16ab0afc0_chunks.json,data/cache_kern/8dae886223f57df6b4bfd0f85ec1ab3eb59d8dfcf72a83cf461fb6106b53e57d.pkl,333,35,333,333
ka66d91d83b23,/root/kern_corpus/Mysterium/op67/scriabin-op67_no02.krn,data/pairs_kern/ka66d91d83b23.mid,data/pairs_kern/ka66d91d83b23.musicxml,data/pairs_kern/ka66d91d83b23_chunks.json,data/cache_kern/8c341344b572a4fb4965d1e264fbe091534ad7223c2fe794d7a12696a259669a.pkl,643,35,643,643
kdea5332d073b,/root/kern_corpus/Mysterium/op68/scriabin-op68.krn,data/pairs_kern/kdea5332d073b.mid,data/pairs_kern/kdea5332d073b.musicxml,data/pairs_kern/kdea5332d073b_chunks.json,data/cache_kern/8dc4d6cbe43049532d1db11334e3c66f50994ed6c28e9cadb3fe5f2aafc45cd8.pkl,3186,380,3186,3186
k9aa11dbf47d1,/root/kern_corpus/Mysterium/op69/scriabin-op69_no01.krn,data/pairs_kern/k9aa11dbf47d1.mid,data/pairs_kern/k9aa11dbf47d1.musicxml,data/pairs_kern/k9aa11dbf47d1_chunks.json,data/cache_kern/fc85e2d416c2269da1eb37a5e7fd56b4db48c0f25bb5a40dcf678f914a96be92.pkl,385,36,385,385
k39aad1ad1d11,/root/kern_corpus/Mysterium/op71/scriabin-op71_no01.krn,data/pairs_kern/k39aad1ad1d11.mid,data/pairs_kern/k39aad1ad1d11.musicxml,data/pairs_kern/k39aad1ad1d11_chunks.json,data/cache_kern/2e60ac85bc95feebd8c95972a43e362d3dd46e75b18342a12740ba3fdb1c49b1.pkl,617,60,617,617
k61e0cf70b297,/root/kern_corpus/Mysterium/op71/scriabin-op71_no02.krn,data/pairs_kern/k61e0cf70b297.mid,data/pairs_kern/k61e0cf70b297.musicxml,data/pairs_kern/k61e0cf70b297_chunks.json,data/cache_kern/14194df31815c0511bbb0456e95f57df239e4ca335aaa38a886ebe26e07da2e5.pkl,501,38,501,501
kf3729dead607,/root/kern_corpus/Mysterium/op72/scriabin-op72.krn,data/pairs_kern/kf3729dead607.mid,data/pairs_kern/kf3729dead607.musicxml,data/pairs_kern/kf3729dead607_chunks.json,data/cache_kern/54850aeeb3d5a5412aa301934a8c1a342012555256638b3b39e80e3d56e4129f.pkl,4342,144,4342,4342
kee9617619115,/root/kern_corpus/Mysterium/op73/scriabin-op73_no01.krn,data/pairs_kern/kee9617619115.mid,data/pairs_kern/kee9617619115.musicxml,data/pairs_kern/kee9617619115_chunks.json,data/cache_kern/40b27109a57a54966c46de1851558cbc116fefd7c2c542d8e2670cf1e17ad7f0.pkl,707,66,707,707
k57f0863e9a1b,/root/kern_corpus/Mysterium/op73/scriabin-op73_no02.krn,data/pairs_kern/k57f0863e9a1b.mid,data/pairs_kern/k57f0863e9a1b.musicxml,data/pairs_kern/k57f0863e9a1b_chunks.json,data/cache_kern/f14f194f5bc40f0ad1b56872a04d721a4bdf547843bd40fb57242fd97f6e6425.pkl,1039,151,1039,1039
k6e17f4d504e8,/root/kern_corpus/Mysterium/op74/scriabin-op74_no01.krn,data/pairs_kern/k6e17f4d504e8.mid,data/pairs_kern/k6e17f4d504e8.musicxml,data/pairs_kern/k6e17f4d504e8_chunks.json,data/cache_kern/e4875943db2647e1bfa0f96d12986178f9ad9268de839d26269a959e4984e28c.pkl,220,25,220,220
keb44d32bc4aa,/root/kern_corpus/Mysterium/op74/scriabin-op74_no02.krn,data/pairs_kern/keb44d32bc4aa.mid,data/pairs_kern/keb44d32bc4aa.musicxml,data/pairs_kern/keb44d32bc4aa_chunks.json,data/cache_kern/de02a46fb4c0d8d48c3cdf27c766dc7a1548a0183219dd01c5d6d180320853d9.pkl,151,16,151,151
k2071b1be4b2a,/root/kern_corpus/Mysterium/op74/scriabin-op74_no03.krn,data/pairs_kern/k2071b1be4b2a.mid,data/pairs_kern/k2071b1be4b2a.musicxml,data/pairs_kern/k2071b1be4b2a_chunks.json,data/cache_kern/fca1229d0d914ae10125f09115c1ec4706b1fbd7697a813aa2215f4930da0b37.pkl,277,26,277,277
k267e7684bea3,/root/kern_corpus/Mysterium/op74/scriabin-op74_no04.krn,data/pairs_kern/k267e7684bea3.mid,data/pairs_kern/k267e7684bea3.musicxml,data/pairs_kern/k267e7684bea3_chunks.json,data/cache_kern/7118a4276fa08d4bdb9568ea6a43bf589fc9dd47ffcf1eebb58d18bf46a66c3c.pkl,238,25,238,238
k8e29173c489a,/root/kern_corpus/Mysterium/op74/scriabin-op74_no05.krn,data/pairs_kern/k8e29173c489a.mid,data/pairs_kern/k8e29173c489a.musicxml,data/pairs_kern/k8e29173c489a_chunks.json,data/cache_kern/b5184bd71fbd2099d8909cf25683b6a37c0d65abee7f5f93e8ce816b1e44951e.pkl,457,18,457,457
